category,kernel,instances_all_gpus,s_per_gpu,median_us,max_ms
activation,elementwise_kernel,4506,0.373,758.7,1.618
cat_copy,elementwise_kernel,10392,0.861,41.4,3.172
cat_copy,CatArrayBatchedCopy,8880,0.519,344.8,2.755
cat_copy,CatArrayBatchedCopy_vectorized,9060,0.192,17.1,1.304
cat_copy,unrolled_elementwise_kernel,10798,0.176,2.7,1.48
cat_copy,vectorized_elementwise_kernel,10362,0.123,2.8,0.46
cat_copy,indexFuncLargeIndex,624,0.097,1236.1,1.406
cat_copy,vectorized_gather_kernel,4760,0.036,19.0,0.167
cat_copy,_scatter_gather_elementwise_kernel,6888,0.028,8.8,0.296
cat_copy,index_elementwise_kernel,11180,0.006,3.2,0.147
cat_copy,CatArrayBatchedCopy_alignedK_contig,152,0.0,1.6,0.002
cross_entropy,cross_entropy_kernel,64,0.006,757.1,0.76
cub_scan_sort,radixSortKVInPlace,336,0.067,1615.1,2.077
cub_scan_sort,bitonicSortKVInPlace,2400,0.007,23.9,0.03
cub_scan_sort,DeviceScanKernel,3384,0.001,2.0,0.003
cub_scan_sort,DeviceRadixSortExclusiveSumKernel,9,0.0,1.7,0.002
cub_scan_sort,DeviceRadixSortHistogramKernel,9,0.0,3.9,0.004
cub_scan_sort,DeviceRadixSortOnesweepKernel,66,0.0,8.0,0.012
cub_scan_sort,DeviceScanInitKernel,3384,0.0,1.2,0.002
dsa_backward,kernel_cutlass_bwd_cudnndeepseek_sparse_attentionsparse_attention_backwarddsa_bwd_sm100Fla,624,3.635,46067.6,55.895
dsa_backward,kernel_cutlass_sum_OdO_cudnndeepseek_sparse_attentionsparse_attention_backwarddsa_bwd_sm10,624,0.06,772.1,0.821
dsa_backward,kernel_cutlass_convert_cudnndeepseek_sparse_attentionsparse_attention_backwarddsa_bwd_sm10,624,0.023,296.7,0.316
dsa_backward,kernel_cutlass_sum_dSink_cudnndeepseek_sparse_attentionsparse_attention_backwarddsa_bwd_sm,624,0.002,22.0,0.026
dsa_forward,sparse_attn_fwd_kernel,1248,1.24,7905.7,9.635
dsa_indexer,kernel_cutlass_kernel_cudnndeepseek_sparse_attentionindexer_forwardindexer_fwd_sm100Indexe,3318,0.876,2106.6,3.142
dsa_indexer,kernel_cutlass_indexer_topk_kernel_cudnndeepseek_sparse_attentionindexer_top_kindexer_top_,3318,0.221,464.4,2.475
elementwise,vectorized_elementwise_kernel,160222,0.963,2.6,0.961
elementwise,elementwise_kernel,23574,0.868,160.1,2.414
elementwise,unrolled_elementwise_kernel,4119,0.131,1.8,1.787
elementwise,triton_poi_fused__to_copy_mul_unsqueeze_view_0,76800,0.118,12.6,0.018
elementwise,reduce_kernel,4262,0.03,3.3,0.372
elementwise,element_mul_kernel,64,0.006,760.5,0.766
elementwise,elementwise_kernel_with_index,6969,0.002,1.8,0.004
elementwise,fill_reverse_indices_kernel,8,0.0,2.3,0.002
fp32_simt_head,cutlass3x_sm100_simt_sgemm_f32_f32_f32_f32_f32_128x64x16_1x1x1_3_nnn_align1_bias_f32_relu,64,0.937,117059.7,117.529
fp32_simt_head,cutlass3x_sm100_simt_sgemm_f32_f32_f32_f32_f32_128x128x16_1x1x1_3_tnn_align1_bias_f32_relu,64,0.918,114530.4,120.341
gemm,nvjet_sm103_tst_128x256_64x6_2x1_2cta_v_bz_TNT,34398,1.946,260.4,7.406
gemm,nvjet_sm103_tst_128x256_64x6_2x1_2cta_v_bz_NNT,16691,1.217,352.6,7.477
gemm,nvjet_sm103_tst_256x256_64x4_2x1_2cta_v_bz_TNT,7622,0.612,69.4,3.566
gemm,nvjet_sm103_tst_256x256_64x4_2x1_2cta_v_bz_NNT,4442,0.152,67.6,5.506
gemm,nvjet_sm103_tst_32x256_64x6_1x4_2cta_h_bz_TNN,7824,0.07,66.4,0.175
gemm,nvjet_sm103_tst_128x192_64x7_2x1_2cta_v_bz_TNT,5678,0.068,70.1,0.634
gemm,nvjet_sm103_tst_256x240_64x4_2x1_2cta_v_bz_TNT,2036,0.065,248.1,0.801
gemm,nvjet_sm103_tst_256x128_64x5_2x1_2cta_v_bz_TNT,2850,0.062,129.7,1.006
gemm,nvjet_sm103_tst_256x128_64x5_2x2f_2cta_h_bz_TNT,2986,0.06,80.8,3.527
gemm,nvjet_sm103_tst_128x192_64x7_2x1_2cta_v_bz_NNT,2982,0.04,82.0,0.625
gemm,nvjet_sm103_tst_256x128_64x5_2x2f_2cta_h_bz_NNT,1522,0.039,144.6,2.708
gemm,nvjet_sm103_tst_192x128_64x5_1x2_h_bz_TNT,624,0.036,455.3,0.46
gemm,nvjet_sm103_tst_128x256_64x6_2x2f_2cta_h_bz_TNT,1806,0.035,121.0,2.108
gemm,nvjet_sm103_tst_32x256_64x6_1x4_2cta_h_bz_NNN,3744,0.031,70.0,0.252
gemm,nvjet_sm103_tst_256x128_64x5_2x1_2cta_v_bz_NNT,894,0.026,199.0,0.896
gemm,nvjet_sm103_tst_144x128_64x8_1x2_2cta_h_bz_TNN,2496,0.023,73.2,0.169
gemm,nvjet_sm103_tst_256x240_64x4_2x1_2cta_v_bz_NNT,823,0.023,215.5,0.899
gemm,nvjet_sm103_tst_128x256_64x6_2x2f_2cta_h_bz_NNT,992,0.018,119.3,2.633
gemm,nvjet_sm103_tst_128x32_64x10_2x1_2cta_v_bz_splitK_NTT,1872,0.018,78.2,0.081
gemm,nvjet_sm103_tst_256x224_64x4_2x1_2cta_v_bz_TNT,1280,0.018,95.4,0.524
gemm,nvjet_sm103_tst_256x208_64x4_2x1_2cta_v_bz_TNT,1686,0.016,53.2,0.352
gemm,nvjet_sm103_sss_tf32_128x256_32x6_2x1_2cta_v_bz_NNT,600,0.013,175.7,0.241
gemm,nvjet_sm103_tst_128x160_64x8_2x1_2cta_v_bz_TNT,2364,0.013,34.2,0.32
gemm,nvjet_sm103_tst_128x32_64x10_4x1_2cta_v_bz_NTT,624,0.013,171.4,0.177
gemm,nvjet_sm103_tst_256x208_64x4_2x1_2cta_v_bz_NNT,1016,0.013,94.4,0.244
gemm,nvjet_sm103_tst_32x128_64x10_1x2_2cta_h_bz_splitK_NTN,1848,0.013,59.9,0.063
gemm,nvjet_sm103_sss_tf32_384x128_32x3_2x2_2cta_h_bz_splitK_NTT,600,0.012,164.0,0.183
gemm,nvjet_sm103_tss_128x256_64x6_2x2_2cta_h_bz_TNT,1200,0.012,79.8,0.084
gemm,nvjet_sm103_tst_32x128_64x10_1x4_2cta_h_bz_NTN,624,0.012,152.7,0.157
gemm,nvjet_sm103_tst_128x160_64x8_2x1_2cta_v_bz_NNT,1409,0.011,57.8,0.214
gemm,nvjet_sm103_tst_256x224_64x4_2x1_2cta_v_bz_NNT,802,0.011,103.6,0.337
gemm,nvjet_sm103_tst_256x224_64x4_2x2_2cta_h_bz_TNT,612,0.009,123.4,0.237
gemm,nvjet_sm103_tst_128x192_64x7_2x2_2cta_h_bz_TNT,892,0.008,65.2,0.163
gemm,nvjet_sm103_tst_256x136_64x4_1x2_h_bz_TNT,880,0.008,42.2,0.258
gemm,nvjet_sm103_tst_256x240_64x4_2x2_2cta_h_bz_TNT,452,0.007,129.6,0.235
gemm,splitKreduce_kernel,9025,0.007,3.5,0.076
gemm,nvjet_sm103_tst_128x160_64x8_2x2_2cta_h_bz_TNT,842,0.006,53.2,0.157
gemm,nvjet_sm103_tst_128x240_64x6_2x1_2cta_v_bz_TNT,768,0.005,33.9,0.238
gemm,nvjet_sm103_tst_256x128_64x5_2x2_2cta_h_bz_TNT,620,0.005,62.2,0.182
gemm,nvjet_sm103_tst_256x136_64x4_1x2_h_bz_NNT,536,0.005,70.8,0.161
gemm,nvjet_sm103_tst_256x136_64x4_2x1_v_bz_TNT,450,0.005,73.5,0.241
gemm,nvjet_sm103_tst_64x32_64x16_2x1_2cta_v_bz_splitK_NTT,1224,0.005,33.2,0.036
gemm,nvjet_sm103_tst_128x128_64x8_2x2_2cta_h_bz_TNT,640,0.004,44.1,0.127
gemm,nvjet_sm103_tst_128x160_64x8_2x2_2cta_h_bz_NNT,635,0.004,53.3,0.136
gemm,nvjet_sm103_tst_128x192_64x7_2x2_2cta_h_bz_NNT,510,0.004,61.7,0.127
gemm,nvjet_sm103_tst_128x224_64x7_2x1_2cta_v_bz_NNT,441,0.004,60.6,0.178
gemm,nvjet_sm103_tst_128x240_64x6_2x1_2cta_v_bz_NNT,398,0.004,67.2,0.169
gemm,nvjet_sm103_tst_256x128_64x5_2x4f_2cta_h_bz_NNT,262,0.004,120.4,0.203
gemm,nvjet_sm103_tst_256x256_64x4_2x2f_2cta_h_bz_NNT,135,0.004,199.0,0.829
gemm,nvjet_sm103_tst_128x144_64x8_2x2_2cta_h_bz_TNT,434,0.003,47.0,0.133
gemm,nvjet_sm103_tst_128x224_64x7_2x1_2cta_v_bz_TNT,550,0.003,32.5,0.22
gemm,nvjet_sm103_tst_128x232_64x4_2x1_v_bz_TNT,348,0.003,86.6,0.267
gemm,nvjet_sm103_tst_128x232_64x4_4x1f_v_bz_TNT,156,0.003,127.4,0.224
gemm,nvjet_sm103_tst_128x256_64x6_4x1f_2cta_v_bz_NNT,156,0.003,120.5,0.29
gemm,nvjet_sm103_tst_128x64_64x10_2x2_2cta_h_bz_TNT,626,0.003,37.0,0.12
gemm,nvjet_sm103_tst_176x128_64x8_1x2_2cta_h_bz_TNN,696,0.003,28.4,0.126
gemm,nvjet_sm103_tst_192x224_64x5_2x2_2cta_h_bz_TNT,312,0.003,74.8,0.157
gemm,nvjet_sm103_tst_192x288_64x5_2x1_2cta_v_bz_NNT,189,0.003,104.6,0.233
gemm,nvjet_sm103_tst_256x120_64x4_1x4f_h_bz_TNT,234,0.003,121.7,0.246
gemm,nvjet_sm103_tst_256x136_64x4_1x4_h_bz_TNT,322,0.003,67.9,0.15
gemm,nvjet_sm103_tst_64x512_64x5_2x2_2cta_h_bz_TNT,336,0.003,74.4,0.077
gemm,nvjet_sm103_tst_96x128_64x9_2x2_2cta_h_bz_NNN,598,0.003,33.7,0.134
gemm,nvjet_sm103_tst_96x64_64x13_2x2_2cta_h_bz_NNN,868,0.003,27.3,0.075
gemm,nvjet_sm103_tst_128x120_64x6_1x4_h_bz_TNT,336,0.002,50.9,0.123
gemm,nvjet_sm103_tst_128x128_64x8_2x1_2cta_v_bz_NNT,435,0.002,39.4,0.135
gemm,nvjet_sm103_tst_128x128_64x8_2x2_2cta_h_bz_NNT,304,0.002,42.5,0.097
gemm,nvjet_sm103_tst_128x176_64x7_2x2_2cta_h_bz_TNT,228,0.002,53.3,0.086
gemm,nvjet_sm103_tst_128x208_64x7_2x1_2cta_v_bz_NNT,361,0.002,46.4,0.159
gemm,nvjet_sm103_tst_128x208_64x7_2x2_2cta_h_bz_TNT,284,0.002,57.4,0.138
gemm,nvjet_sm103_tst_128x224_64x7_2x2_2cta_h_bz_TNT,260,0.002,60.1,0.149
gemm,nvjet_sm103_tst_128x232_64x4_2x1_v_bz_NNT,183,0.002,69.1,0.142
gemm,nvjet_sm103_tst_128x240_64x6_2x2_2cta_h_bz_TNT,280,0.002,63.6,0.137
gemm,nvjet_sm103_tst_128x64_64x10_2x1_2cta_v_bz_NNT,454,0.002,32.0,0.112
gemm,nvjet_sm103_tst_128x72_64x8_1x4_h_bz_TNT,266,0.002,41.9,0.137
gemm,nvjet_sm103_tst_128x80_64x10_2x2_2cta_h_bz_TNT,464,0.002,38.8,0.13
gemm,nvjet_sm103_tst_128x96_64x9_2x1_2cta_v_bz_NNT,304,0.002,35.8,0.156
gemm,nvjet_sm103_tst_192x112_64x6_2x2_2cta_h_bz_TNT,334,0.002,33.9,0.102
gemm,nvjet_sm103_tst_192x160_64x6_2x2_2cta_h_bz_TNT,324,0.002,36.7,0.097
gemm,nvjet_sm103_tst_192x256_64x5_2x1_2cta_v_bz_TNT,48,0.002,259.0,0.263
gemm,nvjet_sm103_tst_192x288_64x5_2x1_2cta_v_bz_TNT,310,0.002,54.9,0.243
gemm,nvjet_sm103_tst_256x224_64x4_2x2_2cta_h_bz_NNT,197,0.002,86.5,0.226
gemm,nvjet_sm103_tst_256x224_64x4_2x2f_2cta_h_bz_NNT,59,0.002,251.6,0.307
gemm,nvjet_sm103_tst_256x224_64x4_2x2f_2cta_h_bz_TNT,60,0.002,255.7,0.394
gemm,nvjet_sm103_tst_256x256_64x4_2x2f_2cta_h_bz_TNT,126,0.002,103.3,0.118
gemm,nvjet_sm103_tst_32x256_64x6_1x2_2cta_h_bz_splitK_NNN,64,0.002,199.2,0.202
gemm,nvjet_sm103_tst_32x64_64x16_1x2_2cta_h_bz_splitK_NTN,624,0.002,21.2,0.023
gemm,nvjet_sm103_tst_64x16_64x16_2x2_2cta_h_bz_TNT,480,0.002,30.5,0.123
gemm,nvjet_sm103_tst_64x32_64x16_2x2_2cta_h_bz_TNT,384,0.002,30.8,0.125
gemm,nvjet_sm103_tst_64x64_64x16_2x2_2cta_h_bz_NNT,422,0.002,26.0,0.074
gemm,nvjet_sm103_tst_64x64_64x16_2x2_2cta_h_bz_TNT,496,0.002,31.2,0.069
gemm,nvjet_sm103_tst_64x8_64x16_4x1_v_bz_splitK_TNT,546,0.002,23.9,0.11
gemm,nvjet_sm103_tst_96x64_64x15_2x2_2cta_h_bz_TNN,1098,0.002,16.5,0.042
gemm,nvjet_sm103_tst_128x104_64x7_1x4_h_bz_NNT,109,0.001,43.2,0.084
gemm,nvjet_sm103_tst_128x104_64x7_1x4_h_bz_TNT,100,0.001,47.6,0.08
gemm,nvjet_sm103_tst_128x104_64x7_2x1_v_bz_NNT,121,0.001,34.4,0.059
gemm,nvjet_sm103_tst_128x104_64x7_2x1_v_bz_TNT,242,0.001,21.0,0.057
gemm,nvjet_sm103_tst_128x112_64x9_2x1_2cta_v_bz_NNT,122,0.001,31.7,0.082
gemm,nvjet_sm103_tst_128x112_64x9_2x1_2cta_v_bz_TNT,244,0.001,20.1,0.049
gemm,nvjet_sm103_tst_128x112_64x9_2x2_2cta_h_bz_NNT,115,0.001,38.5,0.126
gemm,nvjet_sm103_tst_128x112_64x9_2x2_2cta_h_bz_TNT,154,0.001,42.1,0.127
gemm,nvjet_sm103_tst_128x120_64x6_1x4_h_bz_NNT,120,0.001,43.0,0.131
gemm,nvjet_sm103_tst_128x120_64x6_2x1_v_bz_TNT,188,0.001,22.2,0.041
gemm,nvjet_sm103_tst_128x128_64x8_2x1_2cta_v_bz_TNT,248,0.001,20.8,0.042
gemm,nvjet_sm103_tst_128x136_64x6_2x1_v_bz_TNT,194,0.001,22.4,0.052
gemm,nvjet_sm103_tst_128x136_64x6_4x1_v_bz_NNT,95,0.001,48.6,0.134
gemm,nvjet_sm103_tst_128x136_64x6_4x1_v_bz_TNT,136,0.001,52.3,0.1
gemm,nvjet_sm103_tst_128x144_64x8_2x1_2cta_v_bz_NNT,168,0.001,36.2,0.089
gemm,nvjet_sm103_tst_128x144_64x8_2x1_2cta_v_bz_TNT,220,0.001,21.5,0.034
gemm,nvjet_sm103_tst_128x144_64x8_2x2_2cta_h_bz_NNT,88,0.001,45.6,0.08
gemm,nvjet_sm103_tst_128x160_64x8_2x2f_2cta_h_bz_TNT,44,0.001,104.7,0.167
gemm,nvjet_sm103_tst_128x160_64x8_4x1f_2cta_v_bz_NNT,65,0.001,74.6,0.122
gemm,nvjet_sm103_tst_128x160_64x8_4x1f_2cta_v_bz_TNT,130,0.001,38.4,0.055
gemm,nvjet_sm103_tst_128x176_64x7_2x1_2cta_v_bz_NNT,187,0.001,50.0,0.148
gemm,nvjet_sm103_tst_128x176_64x7_2x1_2cta_v_bz_TNT,224,0.001,22.8,0.046
gemm,nvjet_sm103_tst_128x176_64x7_2x2_2cta_h_bz_NNT,131,0.001,50.9,0.129
gemm,nvjet_sm103_tst_128x200_64x5_4x1_v_bz_TNT,146,0.001,57.3,0.142
gemm,nvjet_sm103_tst_128x208_64x7_2x1_2cta_v_bz_TNT,382,0.001,23.5,0.096
gemm,nvjet_sm103_tst_128x208_64x7_2x2_2cta_h_bz_NNT,142,0.001,56.6,0.136
gemm,nvjet_sm103_tst_128x216_64x4_2x1_v_bz_NNT,57,0.001,76.1,0.155
gemm,nvjet_sm103_tst_128x216_64x4_2x1_v_bz_TNT,96,0.001,100.8,0.212
gemm,nvjet_sm103_tst_128x224_64x7_2x2_2cta_h_bz_NNT,148,0.001,55.3,0.134
gemm,nvjet_sm103_tst_128x240_64x6_2x2_2cta_h_bz_NNT,110,0.001,56.1,0.15
gemm,nvjet_sm103_tst_128x240_64x6_2x2f_2cta_h_bz_NNT,83,0.001,110.8,0.238
gemm,nvjet_sm103_tst_128x256_64x6_2x2_2cta_h_bz_NNT,81,0.001,85.2,0.131
gemm,nvjet_sm103_tst_128x256_64x6_2x2_2cta_h_bz_TNT,90,0.001,63.4,0.135
gemm,nvjet_sm103_tst_128x272_64x4_2x1_v_bz_NNT,51,0.001,90.0,0.163
gemm,nvjet_sm103_tst_128x272_64x4_2x1_v_bz_TNT,52,0.001,103.0,0.228
gemm,nvjet_sm103_tst_128x288_64x6_2x1_2cta_v_bz_NNT,161,0.001,51.5,0.128
gemm,nvjet_sm103_tst_128x288_64x6_2x1_2cta_v_bz_TNT,86,0.001,110.0,0.202
gemm,nvjet_sm103_tst_128x32_64x11_2x2_2cta_h_bz_NNT,167,0.001,25.7,0.054
gemm,nvjet_sm103_tst_128x40_64x10_2x2_h_bz_splitK_TNT,150,0.001,28.9,0.107
gemm,nvjet_sm103_tst_128x48_64x11_2x1_2cta_v_bz_NNT,240,0.001,33.2,0.123
gemm,nvjet_sm103_tst_128x48_64x11_2x1_2cta_v_bz_TNT,246,0.001,18.4,0.044
gemm,nvjet_sm103_tst_128x56_64x9_2x1_v_bz_TNT,230,0.001,19.8,0.043
gemm,nvjet_sm103_tst_128x64_64x10_2x1_2cta_v_bz_TNT,504,0.001,18.6,0.048
gemm,nvjet_sm103_tst_128x64_64x10_2x2_2cta_h_bz_NNT,318,0.001,32.3,0.075
gemm,nvjet_sm103_tst_128x72_64x8_2x1_v_bz_NNT,188,0.001,32.9,0.11
gemm,nvjet_sm103_tst_128x72_64x8_2x1_v_bz_TNT,310,0.001,20.0,0.049
gemm,nvjet_sm103_tst_128x80_64x10_2x1_2cta_v_bz_TNT,306,0.001,19.0,0.037
gemm,nvjet_sm103_tst_128x80_64x10_2x2_2cta_h_bz_NNT,265,0.001,34.7,0.09
gemm,nvjet_sm103_tst_128x88_64x7_1x4_h_bz_NNT,111,0.001,40.9,0.122
gemm,nvjet_sm103_tst_128x88_64x7_1x4_h_bz_TNT,130,0.001,43.6,0.084
gemm,nvjet_sm103_tst_128x88_64x7_2x1_v_bz_NNT,131,0.001,39.6,0.126
gemm,nvjet_sm103_tst_128x96_64x9_2x1_2cta_v_bz_TNT,292,0.001,19.8,0.043
gemm,nvjet_sm103_tst_128x96_64x9_2x2_2cta_h_bz_TNT,220,0.001,40.1,0.127
gemm,nvjet_sm103_tst_160x192_64x6_2x2f_2cta_h_bz_TNN,76,0.001,115.9,0.226
gemm,nvjet_sm103_tst_192x128_64x6_2x2_2cta_h_bz_NNT,145,0.001,40.6,0.063
gemm,nvjet_sm103_tst_192x144_64x6_2x2_2cta_h_bz_TNT,176,0.001,60.6,0.093
gemm,nvjet_sm103_tst_192x176_64x6_2x1_2cta_v_bz_NNT,113,0.001,70.3,0.121
gemm,nvjet_sm103_tst_192x176_64x6_2x1_2cta_v_bz_TNT,226,0.001,37.9,0.063
gemm,nvjet_sm103_tst_192x176_64x6_2x2_2cta_h_bz_NNT,161,0.001,48.2,0.104
gemm,nvjet_sm103_tst_192x176_64x6_2x2_2cta_h_bz_TNT,184,0.001,45.7,0.109
gemm,nvjet_sm103_tst_192x240_64x5_2x1_2cta_v_bz_NNT,73,0.001,115.7,0.182
gemm,nvjet_sm103_tst_192x240_64x5_2x1_2cta_v_bz_TNT,42,0.001,176.5,0.2
gemm,nvjet_sm103_tst_256x112_64x5_2x1_2cta_v_bz_NNT,60,0.001,96.7,0.146
gemm,nvjet_sm103_tst_256x128_64x5_2x2_2cta_h_bz_NNT,82,0.001,66.6,0.121
gemm,nvjet_sm103_tst_256x136_64x4_2x1_v_bz_NNT,81,0.001,110.9,0.212
gemm,nvjet_sm103_tst_256x240_64x4_2x2_2cta_h_bz_NNT,120,0.001,90.5,0.18
gemm,nvjet_sm103_tst_32x384_64x4_1x2_2cta_h_bz_NTN,64,0.001,186.1,0.191
gemm,nvjet_sm103_tst_32x384_64x4_1x4_2cta_h_bz_splitK_NTN,24,0.001,227.1,0.23
gemm,nvjet_sm103_tst_48x64_64x15_4x1_v_bz_TNN,582,0.001,15.9,0.031
gemm,nvjet_sm103_tst_64x112_64x14_2x2_2cta_h_bz_TNT,218,0.001,33.3,0.121
gemm,nvjet_sm103_tst_64x16_64x16_4x1_2cta_v_bz_TNT,296,0.001,14.4,0.028
gemm,nvjet_sm103_tst_64x24_64x16_2x2_h_bz_TNT,356,0.001,30.1,0.123
gemm,nvjet_sm103_tst_64x24_64x16_2x2_h_bz_splitK_NNT,178,0.001,21.1,0.063
gemm,nvjet_sm103_tst_64x32_64x16_1x2_h_bz_splitK_NTT,624,0.001,9.9,0.012
gemm,nvjet_sm103_tst_64x32_64x16_2x2_2cta_h_bz_NNT,151,0.001,24.9,0.066
gemm,nvjet_sm103_tst_64x40_64x16_2x2_h_bz_TNT,124,0.001,30.7,0.081
gemm,nvjet_sm103_tst_64x48_64x16_2x2_2cta_h_bz_TNT,328,0.001,30.7,0.077
gemm,nvjet_sm103_tst_64x48_64x16_2x2_2cta_h_bz_splitK_NNT,164,0.001,22.0,0.091
gemm,nvjet_sm103_tst_64x72_64x12_4x1_v_bz_TNT,236,0.001,33.8,0.08
gemm,nvjet_sm103_tst_64x80_64x16_2x2_2cta_h_bz_NNT,158,0.001,26.8,0.113
gemm,nvjet_sm103_tst_64x80_64x16_2x2_2cta_h_bz_TNT,266,0.001,29.2,0.071
gemm,nvjet_sm103_tst_64x88_64x11_4x1_v_bz_TNT,122,0.001,37.7,0.114
gemm,nvjet_sm103_tst_64x8_64x16_2x2_h_bz_TNT,256,0.001,31.0,0.114
gemm,nvjet_sm103_tst_64x8_64x16_4x1_v_bz_NNT,273,0.001,22.4,0.074
gemm,nvjet_sm103_tst_64x8_64x16_4x1_v_bz_TNT,546,0.001,14.3,0.03
gemm,nvjet_sm103_tst_64x8_64x16_4x1_v_bz_splitK_NNT,273,0.001,17.1,0.097
gemm,nvjet_sm103_tst_64x96_64x15_2x2_2cta_h_bz_TNT,238,0.001,32.3,0.095
gemm,nvjet_sm103_tst_96x128_64x7_4x1_v_bz_TNN,236,0.001,44.4,0.133
gemm,nvjet_sm103_tst_96x128_64x9_2x2_2cta_h_bz_TNN,228,0.001,19.6,0.032
gemm,nvjet_sm103_tst_128x136_64x6_2x1_v_bz_NNT,75,0.0,38.5,0.092
gemm,nvjet_sm103_tst_128x160_64x8_2x2f_2cta_h_bz_NNT,1,0.0,207.6,0.208
gemm,nvjet_sm103_tst_128x160_64x8_4x1_2cta_v_bz_NNT,6,0.0,48.4,0.066
gemm,nvjet_sm103_tst_128x160_64x8_4x1_2cta_v_bz_TNT,12,0.0,26.7,0.036
gemm,nvjet_sm103_tst_128x168_64x5_4x1_v_bz_TNT,66,0.0,55.3,0.09
gemm,nvjet_sm103_tst_128x16_64x11_1x2_h_bz_NNT,116,0.0,25.8,0.078
gemm,nvjet_sm103_tst_128x16_64x12_2x2_2cta_h_bz_TNT,232,0.0,16.1,0.028
gemm,nvjet_sm103_tst_128x192_64x7_2x2f_2cta_h_bz_NNT,3,0.0,139.0,0.141
gemm,nvjet_sm103_tst_128x200_64x5_2x1_v_bz_NNT,18,0.0,61.3,0.103
gemm,nvjet_sm103_tst_128x216_64x4_4x1_v_bz_TNT,46,0.0,66.1,0.098
gemm,nvjet_sm103_tst_128x24_64x11_1x2_h_bz_NNT,22,0.0,25.4,0.053
gemm,nvjet_sm103_tst_128x24_64x11_1x4_h_bz_NNT,50,0.0,29.8,0.065
gemm,nvjet_sm103_tst_128x24_64x11_2x1_v_bz_splitK_NNT,75,0.0,24.6,0.097
gemm,nvjet_sm103_tst_128x24_64x11_4x2_h_bz_NNT,156,0.0,25.4,0.046
gemm,nvjet_sm103_tst_128x24_64x11_4x2_h_bz_TNT,192,0.0,15.6,0.023
gemm,nvjet_sm103_tst_128x256_64x6_4x1f_2cta_v_bz_TNT,6,0.0,264.7,0.288
gemm,nvjet_sm103_tst_128x272_64x4_4x1_v_bz_TNT,2,0.0,53.7,0.069
gemm,nvjet_sm103_tst_128x40_64x10_1x4_h_bz_NNT,104,0.0,33.4,0.072
gemm,nvjet_sm103_tst_128x416_64x5_2x1_2cta_v_bz_NNT,4,0.0,117.2,0.14
gemm,nvjet_sm103_tst_128x48_64x11_2x2_2cta_h_bz_TNT,100,0.0,36.0,0.075
gemm,nvjet_sm103_tst_128x56_64x9_1x4_h_bz_NNT,39,0.0,35.7,0.082
gemm,nvjet_sm103_tst_128x56_64x9_2x1_v_bz_NNT,61,0.0,30.8,0.07
gemm,nvjet_sm103_tst_128x64_64x8_1x4_h_bz_NNT,58,0.0,38.1,0.116
gemm,nvjet_sm103_tst_128x72_64x8_1x4_h_bz_NNT,83,0.0,37.6,0.123
gemm,nvjet_sm103_tst_128x88_64x7_2x1_v_bz_TNT,116,0.0,21.1,0.033
gemm,nvjet_sm103_tst_160x192_64x5_1x2_2cta_h_bz_NNN,2,0.0,80.0,0.097
gemm,nvjet_sm103_tst_160x192_64x5_2x2f_2cta_h_bz_NNN,4,0.0,121.2,0.144
gemm,nvjet_sm103_tst_176x128_64x8_2x2f_2cta_h_bz_TNN,90,0.0,39.1,0.054
gemm,nvjet_sm103_tst_192x112_64x6_2x2_2cta_h_bz_NNT,84,0.0,39.2,0.058
gemm,nvjet_sm103_tst_192x128_64x6_2x1_2cta_v_bz_NNT,63,0.0,11.5,0.012
gemm,nvjet_sm103_tst_192x128_64x6_2x2_2cta_h_bz_TNT,32,0.0,56.6,0.087
gemm,nvjet_sm103_tst_192x128_64x6_2x2f_2cta_h_bz_TNT,8,0.0,81.3,0.087
gemm,nvjet_sm103_tst_192x144_64x6_2x1_2cta_v_bz_NNT,2,0.0,52.1,0.06
gemm,nvjet_sm103_tst_192x144_64x6_2x1_2cta_v_bz_TNT,4,0.0,30.1,0.036
gemm,nvjet_sm103_tst_192x160_64x6_2x1_2cta_v_bz_NNT,8,0.0,68.2,0.145
gemm,nvjet_sm103_tst_192x160_64x6_2x1_2cta_v_bz_TNT,20,0.0,36.9,0.098
gemm,nvjet_sm103_tst_192x160_64x6_2x2_2cta_h_bz_NNT,78,0.0,45.5,0.068
gemm,nvjet_sm103_tst_192x160_64x6_2x2f_2cta_h_bz_NNT,4,0.0,71.9,0.084
gemm,nvjet_sm103_tst_192x160_64x6_2x2f_2cta_h_bz_TNT,30,0.0,86.6,0.128
gemm,nvjet_sm103_tst_192x176_64x6_2x2f_2cta_h_bz_TNT,6,0.0,107.9,0.127
gemm,nvjet_sm103_tst_192x208_64x5_2x2_2cta_h_bz_NNT,60,0.0,50.2,0.07
gemm,nvjet_sm103_tst_192x208_64x5_2x2_2cta_h_bz_TNT,120,0.0,27.2,0.04
gemm,nvjet_sm103_tst_192x256_64x5_2x2_2cta_h_bz_NNT,5,0.0,55.9,0.057
gemm,nvjet_sm103_tst_192x80_64x7_2x2_2cta_h_bz_NNT,3,0.0,36.1,0.037
gemm,nvjet_sm103_tst_192x80_64x7_2x2_2cta_h_bz_TNT,6,0.0,20.8,0.033
gemm,nvjet_sm103_tst_192x96_64x7_2x1_2cta_v_bz_TNT,6,0.0,28.8,0.029
gemm,nvjet_sm103_tst_192x96_64x7_2x2_2cta_h_bz_TNT,2,0.0,42.8,0.053
gemm,nvjet_sm103_tst_256x112_64x5_2x2_2cta_h_bz_TNT,10,0.0,77.3,0.12
gemm,nvjet_sm103_tst_256x120_64x4_1x4f_h_bz_NNT,33,0.0,83.8,0.101
gemm,nvjet_sm103_tst_256x128_64x5_2x4f_2cta_h_bz_TNT,4,0.0,50.3,0.05
gemm,nvjet_sm103_tst_256x32_64x6_2x1_2cta_v_bz_splitK_NTT,24,0.0,135.8,0.141
gemm,nvjet_sm103_tst_256x96_64x5_2x1_2cta_v_bz_NNT,1,0.0,65.2,0.065
gemm,nvjet_sm103_tst_256x96_64x5_2x1_2cta_v_bz_TNT,6,0.0,61.8,0.073
gemm,nvjet_sm103_tst_32x64_64x16_1x2_2cta_h_bz_splitK_TNN,64,0.0,12.0,0.013
gemm,nvjet_sm103_tst_32x64_64x16_4x1_v_bz_splitK_NNN,32,0.0,23.2,0.093
gemm,nvjet_sm103_tst_512x112_64x2_2x1_2cta_v_bz_NNT,1,0.0,13.6,0.014
gemm,nvjet_sm103_tst_64x112_64x14_2x2_2cta_h_bz_NNT,77,0.0,26.6,0.069
gemm,nvjet_sm103_tst_64x128_64x13_2x2_2cta_h_bz_NNT,6,0.0,33.2,0.036
gemm,nvjet_sm103_tst_64x144_64x12_2x2_2cta_h_bz_NNT,55,0.0,31.3,0.068
gemm,nvjet_sm103_tst_64x144_64x12_2x2_2cta_h_bz_TNT,10,0.0,37.9,0.065
gemm,nvjet_sm103_tst_64x16_64x16_2x1_2cta_v_bz_splitK_TNT,40,0.0,24.8,0.091
gemm,nvjet_sm103_tst_64x16_64x16_2x2_2cta_h_bz_NNT,79,0.0,24.6,0.079
gemm,nvjet_sm103_tst_64x16_64x16_2x2_2cta_h_bz_splitK_NNT,124,0.0,20.8,0.067
gemm,nvjet_sm103_tst_64x16_64x16_4x1_2cta_v_bz_NNT,148,0.0,21.9,0.043
gemm,nvjet_sm103_tst_64x176_64x11_2x2_2cta_h_bz_TNT,10,0.0,35.7,0.04
gemm,nvjet_sm103_tst_64x24_64x16_4x1_v_bz_NNT,124,0.0,22.1,0.044
gemm,nvjet_sm103_tst_64x24_64x16_4x1_v_bz_TNT,248,0.0,14.7,0.026
gemm,nvjet_sm103_tst_64x32_64x16_2x1_2cta_v_bz_NNT,12,0.0,23.2,0.031
gemm,nvjet_sm103_tst_64x32_64x16_2x1_2cta_v_bz_NTT,64,0.0,14.3,0.017
gemm,nvjet_sm103_tst_64x32_64x16_2x1_2cta_v_bz_splitK_TNT,24,0.0,40.7,0.131
gemm,nvjet_sm103_tst_64x32_64x16_2x2_2cta_h_bz_splitK_NNT,130,0.0,20.3,0.06
gemm,nvjet_sm103_tst_64x32_64x16_4x1_2cta_v_bz_TNT,24,0.0,14.0,0.02
gemm,nvjet_sm103_tst_64x40_64x16_1x4_h_bz_NNT,128,0.0,27.7,0.068
gemm,nvjet_sm103_tst_64x40_64x16_2x2_h_bz_splitK_NNT,62,0.0,21.7,0.056
gemm,nvjet_sm103_tst_64x48_64x16_2x1_2cta_v_bz_NNT,123,0.0,27.5,0.092
gemm,nvjet_sm103_tst_64x48_64x16_2x1_2cta_v_bz_splitK_TNT,34,0.0,35.2,0.09
gemm,nvjet_sm103_tst_64x48_64x16_2x2_2cta_h_bz_NNT,112,0.0,25.3,0.068
gemm,nvjet_sm103_tst_64x48_64x16_4x1_2cta_v_bz_NNT,17,0.0,21.0,0.031
gemm,nvjet_sm103_tst_64x56_64x14_4x1_v_bz_NNT,73,0.0,25.2,0.099
gemm,nvjet_sm103_tst_64x64_64x16_2x1_2cta_v_bz_NNT,16,0.0,35.0,0.089
gemm,nvjet_sm103_tst_64x64_64x16_2x2_2cta_h_bz_splitK_NNT,97,0.0,21.3,0.067
gemm,nvjet_sm103_tst_64x64_64x16_4x1_2cta_v_bz_NNT,13,0.0,21.1,0.029
gemm,nvjet_sm103_tst_64x72_64x12_4x1_v_bz_NNT,87,0.0,32.9,0.072
gemm,nvjet_sm103_tst_64x8_64x16_1x4_h_bz_NNT,116,0.0,28.7,0.07
gemm,nvjet_sm103_tst_64x8_64x16_2x2_h_bz_splitK_NNT,128,0.0,19.4,0.065
gemm,nvjet_sm103_tst_96x64_64x10_4x1_v_bz_TNN,18,0.0,34.9,0.088
hybridep_combine,combine_kernel,1800,0.869,3900.4,4.464
hybridep_dispatch,dispatch_kernel,1800,0.928,4255.3,5.059
hybridep_meta,permute_preprocessing_kernel,1200,0.054,359.2,0.453
hybridep_meta,ag_nvl_kernel,1200,0.051,148.8,23.019
hybridep_meta,update_expected_value_kernel,3600,0.001,1.3,0.003
hybridep_sync,device_sync_kernel,7200,6.851,71.2,1509.355
moe_permute,unpermute_kernel,1800,0.423,1788.5,4.003
moe_permute,permute_kernel,1800,0.357,1535.4,3.018
nccl,ncclDevKernel_ReduceScatter_Sum_bf16_RING_LL,624,0.285,3485.3,14.077
nccl,ncclDevKernel_AllGather_RING_LL,1592,0.251,639.1,60.99
nccl,ncclDevKernel_AllReduce_Sum_u64_RING_LL,1200,0.148,286.1,11.932
nccl,ncclDevKernel_AllReduce_Sum_f32_RING_LL,8,0.108,128589.1,132.009
nccl,ncclDevKernel_AllReduce_Sum_bf16_RING_LL,8,0.001,1398.0,1.53
nonzero_cub,DeviceCompactInitKernel,365,0.0,1.3,0.002
nonzero_cub,DeviceReduceSingleTileKernel,365,0.0,1.7,0.002
nonzero_cub,DeviceSelectSweepKernel,365,0.0,2.1,0.005
norm,rmsnorm_fwd_general_kernel,2504,0.152,483.0,0.577
norm,rmsnorm_bwd_general_kernel,1256,0.136,861.8,1.033
norm,rmsnorm_fwd_tuned_kernel,2496,0.009,28.5,0.052
norm,rmsnorm_bwd_tuned_kernel,1248,0.007,43.1,0.074
norm,rmsnorm_bwd_finalize_general_kernel,1256,0.001,7.1,0.009
norm,rmsnorm_bwd_finalize_tuned_kernel,1248,0.001,4.0,0.005
other,scan,1200,0.011,76.1,0.093
other,searchsorted_cuda_kernel,4416,0.001,2.2,0.003
other,compute_cuda_kernel,144,0.0,5.6,0.006
other,indexing_backward_kernel,1,0.0,54.6,0.055
other,ln_fwd_general_kernel,336,0.0,8.4,0.012
other,pad_tokens_per_expert_kernel,1200,0.0,2.4,0.004
other,thd_partition_indices_kernel,64,0.0,1.7,0.002
other,triton_poi_fused__to_copy_all_reduce_scalar_tensor_stack_0,1200,0.0,1.2,0.002
other,write_indices,5,0.0,3.2,0.003
topk_router,gatherTopK,3600,0.138,436.4,0.64
topk_router,online_softmax_kernel,64,0.004,466.3,0.47
topk_router,vectorized_elementwise_kernel,1800,0.002,9.6,0.014
