ts,idx,used_mib
1786264770,0,83213
1786264770,1,83213
1786264770,2,83213
1786264770,3,83213
1786264770,4,83213
1786264770,5,83213
1786264770,6,83213
1786264770,7,83213
1786264772,0,85769
1786264772,1,85769
1786264772,2,85769
1786264772,3,85769
1786264772,4,85769
1786264772,5,85769
1786264772,6,85769
1786264772,7,85769
1786264775,0,86239
1786264775,1,86239
1786264775,2,86239
1786264775,3,86239
1786264775,4,86239
1786264775,5,86239
1786264775,6,86229
1786264775,7,86199
1786264777,0,86319
1786264777,1,86379
1786264777,2,86439
1786264777,3,86499
1786264777,4,86559
1786264777,5,86639
1786264777,6,86699
1786264777,7,86759
1786264779,0,86319
1786264779,1,86379
1786264779,2,86439
1786264779,3,86499
1786264779,4,86559
1786264779,5,86639
1786264779,6,86699
1786264779,7,86759
1786264782,0,86319
1786264782,1,86379
1786264782,2,86439
1786264782,3,86499
1786264782,4,86559
1786264782,5,86639
1786264782,6,86699
1786264782,7,86759
1786264784,0,87339
1786264784,1,87359
1786264784,2,87399
1786264784,3,87419
1786264784,4,87439
1786264784,5,87499
1786264784,6,87519
1786264784,7,87759
1786264786,0,92761
1786264786,1,91661
1786264786,2,91441
1786264786,3,92241
1786264786,4,91521
1786264786,5,91561
1786264786,6,91501
1786264786,7,91861
1786264789,0,95381
1786264789,1,95261
1786264789,2,95201
1786264789,3,95141
1786264789,4,95001
1786264789,5,95061
1786264789,6,94941
1786264789,7,95241
1786264791,0,95381
1786264791,1,95261
1786264791,2,95201
1786264791,3,95141
1786264791,4,95001
1786264791,5,95061
1786264791,6,94941
1786264791,7,95241
1786264793,0,95381
1786264793,1,95261
1786264793,2,95201
1786264793,3,95141
1786264793,4,95001
1786264793,5,95061
1786264793,6,94941
1786264793,7,95241
1786264796,0,95851
1786264796,1,95731
1786264796,2,95671
1786264796,3,95611
1786264796,4,95471
1786264796,5,95531
1786264796,6,95381
1786264796,7,95671
1786264799,0,95851
1786264799,1,95731
1786264799,2,95671
1786264799,3,95611
1786264799,4,95471
1786264799,5,95531
1786264799,6,95411
1786264799,7,95711
1786264801,0,95851
1786264801,1,95731
1786264801,2,95671
1786264801,3,95611
1786264801,4,95471
1786264801,5,95531
1786264801,6,95411
1786264801,7,95711
1786264803,0,95853
1786264803,1,95733
1786264803,2,95673
1786264803,3,95613
1786264803,4,95473
1786264803,5,95533
1786264803,6,95413
1786264803,7,95713
1786264806,0,96195
1786264806,1,96171
1786264806,2,96175
1786264806,3,96179
1786264806,4,96103
1786264806,5,96227
1786264806,6,96171
1786264806,7,96375
1786264809,0,96787
1786264809,1,96667
1786264809,2,96607
1786264809,3,96547
1786264809,4,96407
1786264809,5,96467
1786264809,6,96347
1786264809,7,96647
1786264812,0,96851
1786264812,1,96699
1786264812,2,96607
1786264812,3,96547
1786264812,4,96407
1786264812,5,96467
1786264812,6,96347
1786264812,7,96647
1786264814,0,97077
1786264814,1,96925
1786264814,2,96799
1786264814,3,96771
1786264814,4,96631
1786264814,5,96531
1786264814,6,96507
1786264814,7,96807
1786264817,0,97077
1786264817,1,96957
1786264817,2,96897
1786264817,3,96837
1786264817,4,96697
1786264817,5,96757
1786264817,6,96635
1786264817,7,96935
1786264820,0,97077
1786264820,1,96957
1786264820,2,96897
1786264820,3,96837
1786264820,4,96697
1786264820,5,96757
1786264820,6,96637
1786264820,7,96937
1786264824,0,97077
1786264824,1,96957
1786264824,2,96897
1786264824,3,96837
1786264824,4,96697
1786264824,5,96757
1786264824,6,96637
1786264824,7,96937
1786264826,0,97077
1786264826,1,96957
1786264826,2,96897
1786264826,3,96837
1786264826,4,96697
1786264826,5,96757
1786264826,6,96637
1786264826,7,96937
1786264828,0,97077
1786264828,1,96957
1786264828,2,96897
1786264828,3,96837
1786264828,4,96697
1786264828,5,96757
1786264828,6,96637
1786264828,7,96937
1786264830,0,97077
1786264830,1,96957
1786264830,2,96897
1786264830,3,96837
1786264830,4,96697
1786264830,5,96757
1786264830,6,96637
1786264830,7,96937
1786264833,0,97077
1786264833,1,96957
1786264833,2,96897
1786264833,3,96837
1786264833,4,96697
1786264833,5,96757
1786264833,6,96637
1786264833,7,96937
1786264835,0,97479
1786264835,1,97359
1786264835,2,98159
1786264835,3,99819
1786264835,4,101159
1786264835,5,97499
1786264835,6,98479
1786264835,7,100499
1786264837,0,98479
1786264837,1,98439
1786264837,2,98539
1786264837,3,99979
1786264837,4,101319
1786264837,5,98039
1786264837,6,98579
1786264837,7,100659
1786264839,0,107219
1786264839,1,103259
1786264839,2,102479
1786264839,3,102099
1786264839,4,103859
1786264839,5,104359
1786264839,6,101019
1786264839,7,102779
1786264842,0,111499
1786264842,1,110699
1786264842,2,106899
1786264842,3,107299
1786264842,4,108059
1786264842,5,108639
1786264842,6,106819
1786264842,7,110439
1786264844,0,113819
1786264844,1,111919
1786264844,2,108199
1786264844,3,107299
1786264844,4,108059
1786264844,5,108639
1786264844,6,107599
1786264844,7,110439
1786264847,0,115959
1786264847,1,120739
1786264847,2,110819
1786264847,3,111259
1786264847,4,110159
1786264847,5,110779
1786264847,6,110119
1786264847,7,112559
1786264849,0,123359
1786264849,1,122859
1786264849,2,119799
1786264849,3,113379
1786264849,4,116259
1786264849,5,112919
1786264849,6,112239
1786264849,7,114899
1786264851,0,125199
1786264851,1,124679
1786264851,2,121599
1786264851,3,115939
1786264851,4,118059
1786264851,5,124399
1786264851,6,116539
1786264851,7,120439
1786264853,0,127321
1786264853,1,126779
1786264853,2,123721
1786264853,3,118061
1786264853,4,120161
1786264853,5,128439
1786264853,6,119539
1786264853,7,125981
1786264855,0,129121
1786264855,1,126781
1786264855,2,123721
1786264855,3,120681
1786264855,4,120161
1786264855,5,128441
1786264855,6,130081
1786264855,7,125981
1786264858,0,131181
1786264858,1,128761
1786264858,2,125641
1786264858,3,124841
1786264858,4,121941
1786264858,5,130181
1786264858,6,131741
1786264858,7,127581
1786264860,0,132141
1786264860,1,129621
1786264860,2,126401
1786264860,3,125521
1786264860,4,122521
1786264860,5,130661
1786264860,6,132121
1786264860,7,128061
1786264863,0,133701
1786264863,1,133581
1786264863,2,127161
1786264863,3,131661
1786264863,4,123101
1786264863,5,131141
1786264863,6,132501
1786264863,7,128541
1786264865,0,134661
1786264865,1,134441
1786264865,2,127941
1786264865,3,132341
1786264865,4,123681
1786264865,5,131621
1786264865,6,132881
1786264865,7,134021
1786264867,0,138921
1786264867,1,137041
1786264867,2,135761
1786264867,3,134361
1786264867,4,129901
1786264867,5,136881
1786264867,6,134541
1786264867,7,135461
1786264871,0,145801
1786264871,1,144929
1786264871,2,141541
1786264871,3,143589
1786264871,4,142673
1786264871,5,142553
1786264871,6,141193
1786264871,7,141861
1786264875,0,146097
1786264875,1,145061
1786264875,2,144261
1786264875,3,143721
1786264875,4,142781
1786264875,5,142661
1786264875,6,141301
1786264875,7,142001
1786264878,0,146097
1786264878,1,145061
1786264878,2,144261
1786264878,3,143721
1786264878,4,142781
1786264878,5,142661
1786264878,6,141301
1786264878,7,142001
1786264880,0,146101
1786264880,1,145061
1786264880,2,144261
1786264880,3,143721
1786264880,4,144261
1786264880,5,142863
1786264880,6,141301
1786264880,7,142001
1786264883,0,146101
1786264883,1,145061
1786264883,2,144261
1786264883,3,143721
1786264883,4,144261
1786264883,5,142863
1786264883,6,141301
1786264883,7,142001
1786264885,0,146101
1786264885,1,145061
1786264885,2,144261
1786264885,3,143721
1786264885,4,144261
1786264885,5,142863
1786264885,6,141301
1786264885,7,142001
1786264888,0,148027
1786264888,1,146787
1786264888,2,145787
1786264888,3,145687
1786264888,4,145427
1786264888,5,143827
1786264888,6,142067
1786264888,7,144467
1786264890,0,148987
1786264890,1,147647
1786264890,2,146547
1786264890,3,146367
1786264890,4,146007
1786264890,5,144707
1786264890,6,142447
1786264890,7,144947
1786264892,0,149047
1786264892,1,147707
1786264892,2,146547
1786264892,3,146427
1786264892,4,146067
1786264892,5,144767
1786264892,6,142507
1786264892,7,146147
1786264894,0,149087
1786264894,1,147747
1786264894,2,146547
1786264894,3,146467
1786264894,4,146107
1786264894,5,144807
1786264894,6,142547
1786264894,7,146947
1786264896,0,149147
1786264896,1,147807
1786264896,2,146587
1786264896,3,146527
1786264896,4,146167
1786264896,5,144867
1786264896,6,143027
1786264896,7,148127
1786264899,0,149207
1786264899,1,147867
1786264899,2,146587
1786264899,3,146587
1786264899,4,146227
1786264899,5,144927
1786264899,6,143087
1786264899,7,149327
1786264901,0,149207
1786264901,1,147867
1786264901,2,146587
1786264901,3,146587
1786264901,4,146227
1786264901,5,144927
1786264901,6,143087
1786264901,7,149327
1786264904,0,149207
1786264904,1,147867
1786264904,2,146587
1786264904,3,146587
1786264904,4,146227
1786264904,5,144927
1786264904,6,143087
1786264904,7,149347
1786264906,0,149981
1786264906,1,148641
1786264906,2,147361
1786264906,3,147361
1786264906,4,147001
1786264906,5,145701
1786264906,6,143861
1786264906,7,150121
1786264908,0,150381
1786264908,1,149091
1786264908,2,147841
1786264908,3,148191
1786264908,4,147521
1786264908,5,146381
1786264908,6,144251
1786264908,7,150441
1786264911,0,150951
1786264911,1,149491
1786264911,2,148461
1786264911,3,148531
1786264911,4,147851
1786264911,5,146851
1786264911,6,144671
1786264911,7,151101
1786264913,0,151291
1786264913,1,149951
1786264913,2,148671
1786264913,3,148671
1786264913,4,148311
1786264913,5,147011
1786264913,6,145171
1786264913,7,151431
1786264916,0,151903
1786264916,1,151375
1786264916,2,149313
1786264916,3,149285
1786264916,4,148937
1786264916,5,147679
1786264916,6,145827
1786264916,7,152093
1786264921,0,152917
1786264921,1,151577
1786264921,2,150297
1786264921,3,150297
1786264921,4,149937
1786264921,5,148637
1786264921,6,146797
1786264921,7,153057
1786264923,0,160085
1786264923,1,158525
1786264923,2,157025
1786264923,3,156805
1786264923,4,156225
1786264923,5,154685
1786264923,6,152625
1786264923,7,158465
1786264926,0,160085
1786264926,1,158525
1786264926,2,157025
1786264926,3,156805
1786264926,4,156225
1786264926,5,154685
1786264926,6,152625
1786264926,7,158465
1786264928,0,167247
1786264928,1,165467
1786264928,2,163747
1786264928,3,163307
1786264928,4,162507
1786264928,5,160727
1786264928,6,158447
1786264928,7,163867
1786264930,0,174407
1786264930,1,172407
1786264930,2,170467
1786264930,3,169807
1786264930,4,168787
1786264930,5,166767
1786264930,6,164267
1786264930,7,169267
1786264933,0,181569
1786264933,1,179347
1786264933,2,177187
1786264933,3,176307
1786264933,4,175067
1786264933,5,172807
1786264933,6,170087
1786264933,7,174667
1786264936,0,188729
1786264936,1,186289
1786264936,2,183909
1786264936,3,182809
1786264936,4,181349
1786264936,5,178847
1786264936,6,175907
1786264936,7,180067
1786264938,0,188729
1786264938,1,186289
1786264938,2,183909
1786264938,3,182809
1786264938,4,181349
1786264938,5,178847
1786264938,6,175907
1786264938,7,180067
1786264940,0,195889
1786264940,1,193229
1786264940,2,190629
1786264940,3,189309
1786264940,4,187629
1786264940,5,184889
1786264940,6,181729
1786264940,7,185469
1786264942,0,205769
1786264942,1,211229
1786264942,2,197349
1786264942,3,195809
1786264942,4,193909
1786264942,5,190929
1786264942,6,187549
1786264942,7,190869
1786264945,0,216329
1786264945,1,211229
1786264945,2,197349
1786264945,3,195809
1786264945,4,193909
1786264945,5,190929
1786264945,6,187549
1786264945,7,190869
1786264947,0,223489
1786264947,1,218169
1786264947,2,204069
1786264947,3,202309
1786264947,4,200189
1786264947,5,196969
1786264947,6,193369
1786264947,7,196269
1786264950,0,223489
1786264950,1,218169
1786264950,2,204069
1786264950,3,202309
1786264950,4,200189
1786264950,5,196969
1786264950,6,193369
1786264950,7,196269
1786264952,0,230649
1786264952,1,225109
1786264952,2,215249
1786264952,3,208809
1786264952,4,206469
1786264952,5,203009
1786264952,6,199189
1786264952,7,201669
1786264954,0,230649
1786264954,1,225109
1786264954,2,215249
1786264954,3,208809
1786264954,4,206469
1786264954,5,203009
1786264954,6,199189
1786264954,7,201669
1786264957,0,230649
1786264957,1,225109
1786264957,2,215249
1786264957,3,208809
1786264957,4,206469
1786264957,5,210969
1786264957,6,199189
1786264957,7,202309
1786264959,0,237809
1786264959,1,232049
1786264959,2,221969
1786264959,3,215309
1786264959,4,212749
1786264959,5,217009
1786264959,6,205009
1786264959,7,207709
1786264961,0,237849
1786264961,1,232089
1786264961,2,222009
1786264961,3,215349
1786264961,4,212789
1786264961,5,221469
1786264961,6,205049
1786264961,7,214449
1786264964,0,244969
1786264964,1,238989
1786264964,2,228689
1786264964,3,221809
1786264964,4,219029
1786264964,5,227469
1786264964,6,210829
1786264964,7,219809
1786264967,0,252129
1786264967,1,245929
1786264967,2,235409
1786264967,3,228309
1786264967,4,225309
1786264967,5,233509
1786264967,6,234429
1786264967,7,225209
1786264969,0,259289
1786264969,1,252869
1786264969,2,242129
1786264969,3,234809
1786264969,4,231589
1786264969,5,239549
1786264969,6,240249
1786264969,7,230609
1786264971,0,259289
1786264971,1,252869
1786264971,2,242129
1786264971,3,234809
1786264971,4,231589
1786264971,5,239549
1786264971,6,240249
1786264971,7,230609
1786264973,0,267189
1786264973,1,259809
1786264973,2,248849
1786264973,3,241309
1786264973,4,237869
1786264973,5,245589
1786264973,6,246069
1786264973,7,236009
1786264976,0,267189
1786264976,1,259809
1786264976,2,248849
1786264976,3,241309
1786264976,4,237869
1786264976,5,245589
1786264976,6,246069
1786264976,7,236009
1786264979,0,267189
1786264979,1,259809
1786264979,2,248849
1786264979,3,241309
1786264979,4,237869
1786264979,5,245589
1786264979,6,246069
1786264979,7,236009
1786264981,0,267189
1786264981,1,259809
1786264981,2,248849
1786264981,3,242409
1786264981,4,237869
1786264981,5,245589
1786264981,6,246069
1786264981,7,236009
1786264983,0,267189
1786264983,1,259809
1786264983,2,248849
1786264983,3,242409
1786264983,4,237869
1786264983,5,245589
1786264983,6,246069
1786264983,7,236009
1786264985,0,267189
1786264985,1,259809
1786264985,2,248849
1786264985,3,242409
1786264985,4,237869
1786264985,5,245589
1786264985,6,246069
1786264985,7,236009
1786264988,0,267189
1786264988,1,259809
1786264988,2,248849
1786264988,3,242409
1786264988,4,237869
1786264988,5,245589
1786264988,6,246069
1786264988,7,236009
1786264990,0,271749
1786264990,1,266749
1786264990,2,255569
1786264990,3,248909
1786264990,4,244149
1786264990,5,251629
1786264990,6,251889
1786264990,7,241409
1786264992,0,214269
1786264992,1,266749
1786264992,2,255569
1786264992,3,248909
1786264992,4,244149
1786264992,5,251629
1786264992,6,251889
1786264992,7,241409
1786264996,0,147289
1786264996,1,266749
1786264996,2,255569
1786264996,3,248909
1786264996,4,244149
1786264996,5,251629
1786264996,6,251889
1786264996,7,241409
1786264999,0,144907
1786264999,1,266749
1786264999,2,255569
1786264999,3,248909
1786264999,4,244149
1786264999,5,251629
1786264999,6,251889
1786264999,7,241409
1786265002,0,144907
1786265002,1,266749
1786265002,2,255569
1786265002,3,248909
1786265002,4,244149
1786265002,5,251629
1786265002,6,251889
1786265002,7,241409
1786265005,0,153107
1786265005,1,274009
1786265005,2,262289
1786265005,3,267369
1786265005,4,250429
1786265005,5,257669
1786265005,6,257709
1786265005,7,246809
1786265009,0,153107
1786265009,1,255409
1786265009,2,262289
1786265009,3,267369
1786265009,4,250429
1786265009,5,257669
1786265009,6,257709
1786265009,7,246809
1786265012,0,153107
1786265012,1,210609
1786265012,2,262289
1786265012,3,267369
1786265012,4,250429
1786265012,5,257669
1786265012,6,257709
1786265012,7,246809
1786265016,0,153107
1786265016,1,123287
1786265016,2,262289
1786265016,3,267369
1786265016,4,250429
1786265016,5,257669
1786265016,6,257709
1786265016,7,246809
1786265018,0,161307
1786265018,1,131907
1786265018,2,269009
1786265018,3,273869
1786265018,4,256709
1786265018,5,263709
1786265018,6,263529
1786265018,7,262149
1786265021,0,161307
1786265021,1,134427
1786265021,2,270249
1786265021,3,273869
1786265021,4,256709
1786265021,5,263709
1786265021,6,263529
1786265021,7,262149
1786265023,0,161307
1786265023,1,134427
1786265023,2,251849
1786265023,3,273869
1786265023,4,256709
1786265023,5,263709
1786265023,6,263529
1786265023,7,262149
1786265025,0,169507
1786265025,1,152947
1786265025,2,144209
1786265025,3,253049
1786265025,4,262989
1786265025,5,269749
1786265025,6,269349
1786265025,7,267549
1786265028,0,169507
1786265028,1,152947
1786265028,2,144209
1786265028,3,119787
1786265028,4,262989
1786265028,5,269749
1786265028,6,269349
1786265028,7,267549
1786265030,0,177707
1786265030,1,165787
1786265030,2,151889
1786265030,3,142407
1786265030,4,271429
1786265030,5,270969
1786265030,6,270549
1786265030,7,272949
1786265033,0,177707
1786265033,1,165787
1786265033,2,151889
1786265033,3,142407
1786265033,4,230629
1786265033,5,243169
1786265033,6,195669
1786265033,7,272949
1786265035,0,177707
1786265035,1,165787
1786265035,2,151889
1786265035,3,142407
1786265035,4,193509
1786265035,5,218469
1786265035,6,169849
1786265035,7,272949
1786265038,0,177707
1786265038,1,165787
1786265038,2,151889
1786265038,3,142407
1786265038,4,152989
1786265038,5,139209
1786265038,6,139749
1786265038,7,272949
1786265041,0,177707
1786265041,1,165787
1786265041,2,151889
1786265041,3,142407
1786265041,4,121807
1786265041,5,138067
1786265041,6,128627
1786265041,7,272949
1786265043,0,190589
1786265043,1,173727
1786265043,2,159569
1786265043,3,149847
1786265043,4,133407
1786265043,5,154247
1786265043,6,151967
1786265043,7,271389
1786265046,0,190589
1786265046,1,173727
1786265046,2,159569
1786265046,3,149847
1786265046,4,133407
1786265046,5,154247
1786265046,6,151967
1786265046,7,112967
1786265048,0,190589
1786265048,1,173727
1786265048,2,159569
1786265048,3,149847
1786265048,4,133407
1786265048,5,154247
1786265048,6,151967
1786265048,7,118901
1786265051,0,190589
1786265051,1,173727
1786265051,2,159569
1786265051,3,149847
1786265051,4,133407
1786265051,5,154247
1786265051,6,151967
1786265051,7,118901
1786265053,0,190589
1786265053,1,173727
1786265053,2,159569
1786265053,3,149847
1786265053,4,133407
1786265053,5,154247
1786265053,6,151967
1786265053,7,127647
1786265055,0,198789
1786265055,1,181669
1786265055,2,167249
1786265055,3,170827
1786265055,4,140587
1786265055,5,161167
1786265055,6,158627
1786265055,7,157087
1786265057,0,198789
1786265057,1,181669
1786265057,2,167249
1786265057,3,170827
1786265057,4,140587
1786265057,5,161167
1786265057,6,158627
1786265057,7,157087
1786265060,0,198789
1786265060,1,181669
1786265060,2,167249
1786265060,3,170827
1786265060,4,140587
1786265060,5,161167
1786265060,6,158627
1786265060,7,157087
1786265062,0,198789
1786265062,1,181669
1786265062,2,167249
1786265062,3,170827
1786265062,4,143867
1786265062,5,161167
1786265062,6,158627
1786265062,7,157087
1786265064,0,198789
1786265064,1,181669
1786265064,2,167249
1786265064,3,170827
1786265064,4,143867
1786265064,5,161167
1786265064,6,158627
1786265064,7,157087
1786265066,0,198789
1786265066,1,181669
1786265066,2,167249
1786265066,3,170827
1786265066,4,151487
1786265066,5,161487
1786265066,6,158627
1786265066,7,157087
1786265069,0,200641
1786265069,1,190521
1786265069,2,173881
1786265069,3,173079
1786265069,4,164559
1786265069,5,163859
1786265069,6,163279
1786265069,7,157099
1786265071,0,200641
1786265071,1,190521
1786265071,2,173881
1786265071,3,173079
1786265071,4,164559
1786265071,5,163859
1786265071,6,163279
1786265071,7,157099
1786265073,0,200641
1786265073,1,190521
1786265073,2,173881
1786265073,3,173079
1786265073,4,164559
1786265073,5,163859
1786265073,6,163279
1786265073,7,157099
1786265075,0,200763
1786265075,1,190643
1786265075,2,174003
1786265075,3,173201
1786265075,4,174801
1786265075,5,171781
1786265075,6,163401
1786265075,7,157221
1786265077,0,200763
1786265077,1,190643
1786265077,2,174003
1786265077,3,173201
1786265077,4,174801
1786265077,5,171781
1786265077,6,163401
1786265077,7,157221
1786265080,0,208963
1786265080,1,198583
1786265080,2,181683
1786265080,3,180641
1786265080,4,181981
1786265080,5,178701
1786265080,6,170061
1786265080,7,163621
1786265082,0,208963
1786265082,1,198583
1786265082,2,181683
1786265082,3,189903
1786265082,4,181981
1786265082,5,178701
1786265082,6,170061
1786265082,7,175261
1786265086,0,208963
1786265086,1,198583
1786265086,2,181683
1786265086,3,189903
1786265086,4,181981
1786265086,5,178701
1786265086,6,170061
1786265086,7,175261
1786265088,0,217163
1786265088,1,206523
1786265088,2,189363
1786265088,3,197343
1786265088,4,189163
1786265088,5,185623
1786265088,6,176721
1786265088,7,181663
1786265090,0,226743
1786265090,1,206523
1786265090,2,189363
1786265090,3,197343
1786265090,4,189163
1786265090,5,186983
1786265090,6,176721
1786265090,7,181663
1786265092,0,226743
1786265092,1,206523
1786265092,2,189363
1786265092,3,197343
1786265092,4,189163
1786265092,5,186983
1786265092,6,182383
1786265092,7,181663
1786265094,0,226743
1786265094,1,206523
1786265094,2,189363
1786265094,3,197343
1786265094,4,189163
1786265094,5,186983
1786265094,6,182383
1786265094,7,181663
1786265096,0,234943
1786265096,1,214463
1786265096,2,197043
1786265096,3,204783
1786265096,4,196343
1786265096,5,193903
1786265096,6,189043
1786265096,7,188063
1786265100,0,242303
1786265100,1,223923
1786265100,2,203903
1786265100,3,211383
1786265100,4,202683
1786265100,5,199983
1786265100,6,194863
1786265100,7,193643
1786265102,0,242303
1786265102,1,223923
1786265102,2,203903
1786265102,3,211383
1786265102,4,202683
1786265102,5,199983
1786265102,6,194863
1786265102,7,193643
1786265104,0,242303
1786265104,1,223923
1786265104,2,203903
1786265104,3,211383
1786265104,4,202683
1786265104,5,199983
1786265104,6,194863
1786265104,7,193643
1786265106,0,242303
1786265106,1,223923
1786265106,2,203903
1786265106,3,211383
1786265106,4,202683
1786265106,5,199983
1786265106,6,194863
1786265106,7,193643
1786265109,0,242303
1786265109,1,223923
1786265109,2,203903
1786265109,3,211383
1786265109,4,202683
1786265109,5,199983
1786265109,6,194863
1786265109,7,193643
1786265111,0,242303
1786265111,1,223923
1786265111,2,203903
1786265111,3,211383
1786265111,4,202683
1786265111,5,199983
1786265111,6,194863
1786265111,7,193643
1786265113,0,250503
1786265113,1,231863
1786265113,2,217143
1786265113,3,218823
1786265113,4,209863
1786265113,5,206903
1786265113,6,201523
1786265113,7,200043
1786265116,0,250503
1786265116,1,231863
1786265116,2,217143
1786265116,3,218823
1786265116,4,209863
1786265116,5,206903
1786265116,6,201523
1786265116,7,200043
1786265118,0,250503
1786265118,1,231863
1786265118,2,217143
1786265118,3,218823
1786265118,4,209863
1786265118,5,206903
1786265118,6,201523
1786265118,7,200043
1786265121,0,250503
1786265121,1,231863
1786265121,2,217143
1786265121,3,218823
1786265121,4,209863
1786265121,5,206903
1786265121,6,201523
1786265121,7,200043
1786265123,0,258703
1786265123,1,239803
1786265123,2,224823
1786265123,3,226243
1786265123,4,217023
1786265123,5,213823
1786265123,6,208183
1786265123,7,206443
1786265125,0,258703
1786265125,1,239803
1786265125,2,224823
1786265125,3,226243
1786265125,4,217023
1786265125,5,213823
1786265125,6,208183
1786265125,7,206443
1786265127,0,266903
1786265127,1,251243
1786265127,2,232503
1786265127,3,233683
1786265127,4,224203
1786265127,5,220743
1786265127,6,214843
1786265127,7,212843
1786265131,0,266903
1786265131,1,251243
1786265131,2,232503
1786265131,3,233683
1786265131,4,224203
1786265131,5,220743
1786265131,6,214843
1786265131,7,212843
1786265133,0,266903
1786265133,1,251243
1786265133,2,232503
1786265133,3,233683
1786265133,4,224203
1786265133,5,220743
1786265133,6,214843
1786265133,7,212843
1786265135,0,266903
1786265135,1,251243
1786265135,2,232503
1786265135,3,233683
1786265135,4,224203
1786265135,5,220743
1786265135,6,214843
1786265135,7,212843
1786265137,0,266903
1786265137,1,251243
1786265137,2,232503
1786265137,3,233683
1786265137,4,224203
1786265137,5,220743
1786265137,6,214843
1786265137,7,212843
1786265139,0,266903
1786265139,1,251243
1786265139,2,232503
1786265139,3,233683
1786265139,4,224203
1786265139,5,220743
1786265139,6,214843
1786265139,7,212843
1786265143,0,274063
1786265143,1,251443
1786265143,2,234243
1786265143,3,233883
1786265143,4,224463
1786265143,5,220923
1786265143,6,221503
1786265143,7,213083
1786265147,0,265223
1786265147,1,259183
1786265147,2,240183
1786265147,3,241123
1786265147,4,231383
1786265147,5,227663
1786265147,6,221503
1786265147,7,219243
1786265149,0,163963
1786265149,1,259183
1786265149,2,240183
1786265149,3,241123
1786265149,4,231383
1786265149,5,227663
1786265149,6,221503
1786265149,7,219243
1786265151,0,132179
1786265151,1,259183
1786265151,2,240183
1786265151,3,241123
1786265151,4,231383
1786265151,5,227663
1786265151,6,221503
1786265151,7,219243
1786265154,0,162721
1786265154,1,267123
1786265154,2,247863
1786265154,3,248563
1786265154,4,238563
1786265154,5,234583
1786265154,6,228163
1786265154,7,225643
1786265159,0,162721
1786265159,1,267123
1786265159,2,247863
1786265159,3,248563
1786265159,4,238563
1786265159,5,234583
1786265159,6,228163
1786265159,7,225643
1786265165,0,170921
1786265165,1,217643
1786265165,2,255543
1786265165,3,256003
1786265165,4,245743
1786265165,5,241503
1786265165,6,234823
1786265165,7,232043
1786265167,0,170921
1786265167,1,116415
1786265167,2,255543
1786265167,3,256003
1786265167,4,245743
1786265167,5,241503
1786265167,6,234823
1786265167,7,232043
1786265169,0,170921
1786265169,1,116415
1786265169,2,255543
1786265169,3,256003
1786265169,4,245743
1786265169,5,241503
1786265169,6,234823
1786265169,7,232043
1786265171,0,170921
1786265171,1,116415
1786265171,2,255543
1786265171,3,256003
1786265171,4,245743
1786265171,5,241503
1786265171,6,234823
1786265171,7,232043
1786265173,0,170921
1786265173,1,128381
1786265173,2,255543
1786265173,3,256003
1786265173,4,245743
1786265173,5,241503
1786265173,6,234823
1786265173,7,232043
1786265178,0,179121
1786265178,1,136321
1786265178,2,263223
1786265178,3,263443
1786265178,4,252923
1786265178,5,248423
1786265178,6,245443
1786265178,7,238443
1786265180,0,179121
1786265180,1,136321
1786265180,2,263223
1786265180,3,263443
1786265180,4,252923
1786265180,5,248423
1786265180,6,245443
1786265180,7,238443
1786265183,0,187323
1786265183,1,149121
1786265183,2,270903
1786265183,3,270883
1786265183,4,260103
1786265183,5,255343
1786265183,6,252103
1786265183,7,244843
1786265188,0,187323
1786265188,1,149121
1786265188,2,270903
1786265188,3,270883
1786265188,4,260103
1786265188,5,255343
1786265188,6,252103
1786265188,7,244843
1786265190,0,193463
1786265190,1,155281
1786265190,2,274023
1786265190,3,273923
1786265190,4,267283
1786265190,5,262263
1786265190,6,258763
1786265190,7,251243
1786265193,0,195523
1786265193,1,157061
1786265193,2,266123
1786265193,3,246843
1786265193,4,267283
1786265193,5,262263
1786265193,6,258763
1786265193,7,251243
1786265198,0,195523
1786265198,1,157061
1786265198,2,242283
1786265198,3,149743
1786265198,4,267283
1786265198,5,262263
1786265198,6,258763
1786265198,7,251243
1786265202,0,195523
1786265202,1,157061
1786265202,2,212843
1786265202,3,110383
1786265202,4,267283
1786265202,5,262263
1786265202,6,258763
1786265202,7,251243
1786265207,0,195523
1786265207,1,157061
1786265207,2,192063
1786265207,3,113635
1786265207,4,267283
1786265207,5,262263
1786265207,6,258763
1786265207,7,251243
1786265209,0,195523
1786265209,1,157061
1786265209,2,150143
1786265209,3,113635
1786265209,4,267283
1786265209,5,262263
1786265209,6,258763
1786265209,7,251243
1786265213,0,195523
1786265213,1,157061
1786265213,2,124219
1786265213,3,121739
1786265213,4,267283
1786265213,5,262263
1786265213,6,258763
1786265213,7,251243
1786265216,0,203723
1786265216,1,165001
1786265216,2,152443
1786265216,3,131421
1786265216,4,272683
1786265216,5,269183
1786265216,6,265423
1786265216,7,257643
1786265221,0,203723
1786265221,1,165001
1786265221,2,152444
1786265221,3,131421
1786265221,4,270063
1786265221,5,269183
1786265221,6,265423
1786265221,7,257643
1786265224,0,203723
1786265224,1,165001
1786265224,2,152444
1786265224,3,131421
1786265224,4,238963
1786265224,5,269183
1786265224,6,265423
1786265224,7,257643
1786265226,0,203723
1786265226,1,165001
1786265226,2,152583
1786265226,3,131421
1786265226,4,129283
1786265226,5,269183
1786265226,6,265423
1786265226,7,257643
1786265229,0,211923
1786265229,1,185561
1786265229,2,160101
1786265229,3,140941
1786265229,4,141283
1786265229,5,272543
1786265229,6,272083
1786265229,7,264043
1786265235,0,211923
1786265235,1,185563
1786265235,2,160101
1786265235,3,140941
1786265235,4,141283
1786265235,5,224143
1786265235,6,272083
1786265235,7,264043
1786265240,0,211923
1786265240,1,185563
1786265240,2,160101
1786265240,3,140941
1786265240,4,141283
1786265240,5,139003
1786265240,6,272083
1786265240,7,264043
1786265242,0,211923
1786265242,1,189283
1786265242,2,160101
1786265242,3,141721
1786265242,4,141283
1786265242,5,112455
1786265242,6,272083
1786265242,7,264043
1786265245,0,211923
1786265245,1,194623
1786265245,2,160101
1786265245,3,147521
1786265245,4,141283
1786265245,5,121559
1786265245,6,272083
1786265245,7,264043
1786265250,0,220123
1786265250,1,202563
1786265250,2,167781
1786265250,3,154961
1786265250,4,148463
1786265250,5,129501
1786265250,6,271383
1786265250,7,270443
1786265253,0,220123
1786265253,1,202563
1786265253,2,167781
1786265253,3,154961
1786265253,4,148463
1786265253,5,129501
1786265253,6,221783
1786265253,7,270443
1786265255,0,220123
1786265255,1,202563
1786265255,2,167781
1786265255,3,154961
1786265255,4,148463
1786265255,5,129501
1786265255,6,181643
1786265255,7,270443
1786265258,0,220123
1786265258,1,202563
1786265258,2,167781
1786265258,3,154961
1786265258,4,148463
1786265258,5,129501
1786265258,6,110935
1786265258,7,270443
1786265260,0,220123
1786265260,1,202563
1786265260,2,167781
1786265260,3,154961
1786265260,4,148463
1786265260,5,129501
1786265260,6,110935
1786265260,7,270443
1786265263,0,220123
1786265263,1,202563
1786265263,2,167781
1786265263,3,154961
1786265263,4,148463
1786265263,5,129501
1786265263,6,110935
1786265263,7,270443
1786265266,0,220123
1786265266,1,202563
1786265266,2,167781
1786265266,3,154961
1786265266,4,148463
1786265266,5,129501
1786265266,6,110935
1786265266,7,270443
1786265268,0,220123
1786265268,1,202563
1786265268,2,167781
1786265268,3,154961
1786265268,4,148463
1786265268,5,129501
1786265268,6,110935
1786265268,7,270443
1786265270,0,220123
1786265270,1,202563
1786265270,2,167781
1786265270,3,154961
1786265270,4,148463
1786265270,5,129501
1786265270,6,119599
1786265270,7,270443
1786265273,0,228323
1786265273,1,210503
1786265273,2,175461
1786265273,3,162401
1786265273,4,155643
1786265273,5,136421
1786265273,6,130761
1786265273,7,252743
1786265277,0,228323
1786265277,1,210503
1786265277,2,175461
1786265277,3,162401
1786265277,4,155643
1786265277,5,136421
1786265277,6,130761
1786265277,7,194783
1786265279,0,228323
1786265279,1,210503
1786265279,2,175461
1786265279,3,162401
1786265279,4,155643
1786265279,5,136421
1786265279,6,130761
1786265279,7,174023
1786265282,0,228323
1786265282,1,210503
1786265282,2,175461
1786265282,3,162401
1786265282,4,155643
1786265282,5,141141
1786265282,6,130761
1786265282,7,119139
1786265285,0,236523
1786265285,1,218443
1786265285,2,183143
1786265285,3,169841
1786265285,4,162823
1786265285,5,148061
1786265285,6,137421
1786265285,7,130001
1786265287,0,236523
1786265287,1,218443
1786265287,2,183143
1786265287,3,169841
1786265287,4,162823
1786265287,5,148061
1786265287,6,137421
1786265287,7,130001
1786265289,0,236523
1786265289,1,218443
1786265289,2,183143
1786265289,3,169841
1786265289,4,162823
1786265289,5,148061
1786265289,6,137421
1786265289,7,130001
1786265292,0,236523
1786265292,1,218443
1786265292,2,183143
1786265292,3,169841
1786265292,4,162823
1786265292,5,148061
1786265292,6,137421
1786265292,7,130001
1786265295,0,236523
1786265295,1,218443
1786265295,2,183143
1786265295,3,169841
1786265295,4,162823
1786265295,5,148061
1786265295,6,137421
1786265295,7,130001
1786265297,0,236523
1786265297,1,218443
1786265297,2,183143
1786265297,3,169841
1786265297,4,162823
1786265297,5,148061
1786265297,6,137421
1786265297,7,130001
1786265300,0,244723
1786265300,1,226383
1786265300,2,190823
1786265300,3,177281
1786265300,4,170003
1786265300,5,154981
1786265300,6,144081
1786265300,7,140201
1786265302,0,252923
1786265302,1,234323
1786265302,2,198503
1786265302,3,184723
1786265302,4,177183
1786265302,5,161901
1786265302,6,150741
1786265302,7,146601
1786265306,0,252923
1786265306,1,234323
1786265306,2,198503
1786265306,3,184723
1786265306,4,177183
1786265306,5,161901
1786265306,6,150741
1786265306,7,146601
1786265309,0,261123
1786265309,1,242263
1786265309,2,206183
1786265309,3,192163
1786265309,4,184363
1786265309,5,168821
1786265309,6,157401
1786265309,7,153001
1786265314,0,261123
1786265314,1,242263
1786265314,2,206183
1786265314,3,192163
1786265314,4,184363
1786265314,5,168821
1786265314,6,157401
1786265314,7,153001
1786265316,0,261123
1786265316,1,242263
1786265316,2,206183
1786265316,3,192163
1786265316,4,184363
1786265316,5,168821
1786265316,6,157401
1786265316,7,153001
1786265318,0,269323
1786265318,1,250203
1786265318,2,213863
1786265318,3,199603
1786265318,4,191543
1786265318,5,175741
1786265318,6,164061
1786265318,7,159401
1786265322,0,266063
1786265322,1,258143
1786265322,2,221543
1786265322,3,207043
1786265322,4,198723
1786265322,5,182663
1786265322,6,170721
1786265322,7,165801
1786265325,0,250323
1786265325,1,258143
1786265325,2,221543
1786265325,3,207043
1786265325,4,198723
1786265325,5,182663
1786265325,6,170721
1786265325,7,165801
1786265327,0,184943
1786265327,1,258143
1786265327,2,221543
1786265327,3,207043
1786265327,4,198723
1786265327,5,182663
1786265327,6,170721
1786265327,7,165801
1786265330,0,114203
1786265330,1,258143
1786265330,2,221543
1786265330,3,207043
1786265330,4,198723
1786265330,5,182663
1786265330,6,170721
1786265330,7,165801
1786265332,0,114525
1786265332,1,266083
1786265332,2,229223
1786265332,3,214483
1786265332,4,205903
1786265332,5,189583
1786265332,6,177381
1786265332,7,172201
1786265335,0,129907
1786265335,1,274023
1786265335,2,236903
1786265335,3,221923
1786265335,4,213083
1786265335,5,196503
1786265335,6,184041
1786265335,7,178601
1786265340,0,129907
1786265340,1,274023
1786265340,2,236903
1786265340,3,221923
1786265340,4,213083
1786265340,5,196503
1786265340,6,184043
1786265340,7,178603
1786265342,0,129907
1786265342,1,274023
1786265342,2,236903
1786265342,3,221923
1786265342,4,213083
1786265342,5,196503
1786265342,6,184043
1786265342,7,178603
1786265344,0,150907
1786265344,1,269143
1786265344,2,244583
1786265344,3,229363
1786265344,4,220263
1786265344,5,203423
1786265344,6,190703
1786265344,7,185003
1786265347,0,150907
1786265347,1,187123
1786265347,2,244583
1786265347,3,229363
1786265347,4,220263
1786265347,5,203423
1786265347,6,190703
1786265347,7,185003
1786265350,0,150907
1786265350,1,137103
1786265350,2,244583
1786265350,3,229363
1786265350,4,220263
1786265350,5,203423
1786265350,6,190703
1786265350,7,185003
1786265353,0,150907
1786265353,1,105043
1786265353,2,244583
1786265353,3,229363
1786265353,4,220263
1786265353,5,203423
1786265353,6,190703
1786265353,7,185003
1786265355,0,150907
1786265355,1,113247
1786265355,2,244583
1786265355,3,229363
1786265355,4,220263
1786265355,5,203423
1786265355,6,190703
1786265355,7,185003
1786265359,0,159107
1786265359,1,136507
1786265359,2,252263
1786265359,3,236803
1786265359,4,227443
1786265359,5,210343
1786265359,6,197363
1786265359,7,195963
1786265362,0,167107
1786265362,1,141287
1786265362,2,252263
1786265362,3,236803
1786265362,4,227443
1786265362,5,210343
1786265362,6,197363
1786265362,7,195963
1786265364,0,175307
1786265364,1,160567
1786265364,2,259943
1786265364,3,244243
1786265364,4,234623
1786265364,5,217263
1786265364,6,204023
1786265364,7,202363
1786265367,0,184147
1786265367,1,160567
1786265367,2,259943
1786265367,3,244243
1786265367,4,234623
1786265367,5,217263
1786265367,6,204023
1786265367,7,202363
1786265370,0,192349
1786265370,1,168507
1786265370,2,267623
1786265370,3,251683
1786265370,4,241803
1786265370,5,224183
1786265370,6,210683
1786265370,7,208763
1786265372,0,192349
1786265372,1,168507
1786265372,2,267623
1786265372,3,251683
1786265372,4,241803
1786265372,5,224183
1786265372,6,210683
1786265372,7,208763
1786265374,0,192349
1786265374,1,168507
1786265374,2,267623
1786265374,3,251683
1786265374,4,241803
1786265374,5,224183
1786265374,6,210683
1786265374,7,208763
1786265376,0,200549
1786265376,1,176447
1786265376,2,270983
1786265376,3,259123
1786265376,4,248983
1786265376,5,231263
1786265376,6,217803
1786265376,7,215163
1786265379,0,200549
1786265379,1,176447
1786265379,2,128203
1786265379,3,259123
1786265379,4,248983
1786265379,5,231263
1786265379,6,217803
1786265379,7,215163
1786265382,0,200549
1786265382,1,176447
1786265382,2,107981
1786265382,3,259123
1786265382,4,248983
1786265382,5,231263
1786265382,6,217803
1786265382,7,215163
1786265385,0,200549
1786265385,1,176447
1786265385,2,115947
1786265385,3,259123
1786265385,4,248983
1786265385,5,232943
1786265385,6,217803
1786265385,7,215243
1786265387,0,208749
1786265387,1,184389
1786265387,2,123627
1786265387,3,266563
1786265387,4,256163
1786265387,5,249303
1786265387,6,224463
1786265387,7,221643
1786265389,0,208749
1786265389,1,184389
1786265389,2,123627
1786265389,3,266563
1786265389,4,256163
1786265389,5,249303
1786265389,6,224463
1786265389,7,221643
1786265392,0,208749
1786265392,1,184389
1786265392,2,123627
1786265392,3,266563
1786265392,4,256163
1786265392,5,249303
1786265392,6,224463
1786265392,7,221643
1786265394,0,208749
1786265394,1,184389
1786265394,2,125947
1786265394,3,266563
1786265394,4,256163
1786265394,5,249303
1786265394,6,224463
1786265394,7,221643
1786265397,0,208749
1786265397,1,184389
1786265397,2,127087
1786265397,3,266563
1786265397,4,256163
1786265397,5,257383
1786265397,6,224463
1786265397,7,228463
1786265400,0,216949
1786265400,1,192329
1786265400,2,134767
1786265400,3,274003
1786265400,4,263343
1786265400,5,264303
1786265400,6,231123
1786265400,7,234863
1786265402,0,225149
1786265402,1,200269
1786265402,2,144927
1786265402,3,214063
1786265402,4,270523
1786265402,5,271223
1786265402,6,259563
1786265402,7,241263
1786265404,0,225149
1786265404,1,200269
1786265404,2,144927
1786265404,3,103943
1786265404,4,270523
1786265404,5,271223
1786265404,6,259563
1786265404,7,241263
1786265406,0,225149
1786265406,1,200269
1786265406,2,144927
1786265406,3,112701
1786265406,4,270523
1786265406,5,271223
1786265406,6,259563
1786265406,7,241263
1786265409,0,225149
1786265409,1,200269
1786265409,2,144927
1786265409,3,112821
1786265409,4,270523
1786265409,5,271223
1786265409,6,259563
1786265409,7,241263
1786265411,0,233349
1786265411,1,208209
1786265411,2,160007
1786265411,3,133987
1786265411,4,257023
1786265411,5,271623
1786265411,6,266223
1786265411,7,247663
1786265415,0,233349
1786265415,1,208209
1786265415,2,160007
1786265415,3,133987
1786265415,4,144683
1786265415,5,201823
1786265415,6,266223
1786265415,7,247663
1786265417,0,233349
1786265417,1,208209
1786265417,2,160007
1786265417,3,133987
1786265417,4,114161
1786265417,5,113441
1786265417,6,266223
1786265417,7,247663
1786265419,0,233349
1786265419,1,208209
1786265419,2,160007
1786265419,3,133987
1786265419,4,114161
1786265419,5,113441
1786265419,6,266223
1786265419,7,247663
1786265422,0,233349
1786265422,1,208209
1786265422,2,160007
1786265422,3,133987
1786265422,4,120607
1786265422,5,116327
1786265422,6,266223
1786265422,7,247663
1786265424,0,243009
1786265424,1,216149
1786265424,2,167687
1786265424,3,141427
1786265424,4,131307
1786265424,5,129147
1786265424,6,272883
1786265424,7,254063
1786265427,0,243009
1786265427,1,216149
1786265427,2,167687
1786265427,3,141427
1786265427,4,131307
1786265427,5,129147
1786265427,6,272883
1786265427,7,254063
1786265430,0,243009
1786265430,1,216149
1786265430,2,167687
1786265430,3,141427
1786265430,4,131307
1786265430,5,129147
1786265430,6,272883
1786265430,7,254063
1786265432,0,243009
1786265432,1,216149
1786265432,2,167687
1786265432,3,141427
1786265432,4,131307
1786265432,5,129147
1786265432,6,272883
1786265432,7,254063
1786265434,0,243009
1786265434,1,216149
1786265434,2,167687
1786265434,3,141427
1786265434,4,131307
1786265434,5,129147
1786265434,6,272883
1786265434,7,254063
1786265436,0,243009
1786265436,1,216149
1786265436,2,167687
1786265436,3,141427
1786265436,4,131307
1786265436,5,129147
1786265436,6,272883
1786265436,7,254063
1786265438,0,243009
1786265438,1,216149
1786265438,2,167687
1786265438,3,141427
1786265438,4,131307
1786265438,5,129147
1786265438,6,272883
1786265438,7,254063
1786265440,0,243009
1786265440,1,216149
1786265440,2,167687
1786265440,3,145607
1786265440,4,131307
1786265440,5,131987
1786265440,6,272883
1786265440,7,254063
1786265443,0,243009
1786265443,1,216149
1786265443,2,167687
1786265443,3,145607
1786265443,4,131307
1786265443,5,131987
1786265443,6,272883
1786265443,7,254063
1786265445,0,250489
1786265445,1,223369
1786265445,2,174667
1786265445,3,152327
1786265445,4,137767
1786265445,5,138187
1786265445,6,266343
1786265445,7,259643
1786265448,0,250489
1786265448,1,223369
1786265448,2,174667
1786265448,3,152327
1786265448,4,137767
1786265448,5,138187
1786265448,6,114601
1786265448,7,259643
1786265450,0,252629
1786265450,1,223369
1786265450,2,174667
1786265450,3,152327
1786265450,4,137767
1786265450,5,138187
1786265450,6,119607
1786265450,7,259643
1786265452,0,260829
1786265452,1,233369
1786265452,2,182349
1786265452,3,170847
1786265452,4,144947
1786265452,5,148727
1786265452,6,126267
1786265452,7,266043
1786265454,0,260829
1786265454,1,233369
1786265454,2,182349
1786265454,3,170847
1786265454,4,144947
1786265454,5,148727
1786265454,6,126267
1786265454,7,266043
1786265457,0,260829
1786265457,1,233369
1786265457,2,182349
1786265457,3,170847
1786265457,4,144947
1786265457,5,148727
1786265457,6,146067
1786265457,7,266043
1786265460,0,260829
1786265460,1,233369
1786265460,2,182349
1786265460,3,170847
1786265460,4,144947
1786265460,5,148727
1786265460,6,146067
1786265460,7,136029
1786265462,0,269029
1786265462,1,241309
1786265462,2,190029
1786265462,3,178269
1786265462,4,152107
1786265462,5,155647
1786265462,6,152727
1786265462,7,142429
1786265464,0,269029
1786265464,1,241309
1786265464,2,190029
1786265464,3,178269
1786265464,4,152107
1786265464,5,155647
1786265464,6,152727
1786265464,7,142429
1786265467,0,269029
1786265467,1,241309
1786265467,2,190029
1786265467,3,178269
1786265467,4,152107
1786265467,5,155647
1786265467,6,152727
1786265467,7,142429
1786265469,0,269029
1786265469,1,241309
1786265469,2,190029
1786265469,3,178269
1786265469,4,152107
1786265469,5,155647
1786265469,6,152727
1786265469,7,142429
1786265471,0,269029
1786265471,1,241309
1786265471,2,195569
1786265471,3,178269
1786265471,4,152107
1786265471,5,155647
1786265471,6,152727
1786265471,7,142429
1786265474,0,173609
1786265474,1,249249
1786265474,2,216209
1786265474,3,185709
1786265474,4,159287
1786265474,5,162567
1786265474,6,159387
1786265474,7,148829
1786265476,0,119481
1786265476,1,249249
1786265476,2,216209
1786265476,3,185709
1786265476,4,159287
1786265476,5,162567
1786265476,6,159387
1786265476,7,148829
1786265478,0,122287
1786265478,1,249249
1786265478,2,216209
1786265478,3,185709
1786265478,4,171287
1786265478,5,162567
1786265478,6,159387
1786265478,7,148829
1786265481,0,138287
1786265481,1,257189
1786265481,2,223889
1786265481,3,193149
1786265481,4,178467
1786265481,5,171967
1786265481,6,166047
1786265481,7,155229
1786265483,0,149067
1786265483,1,257189
1786265483,2,223889
1786265483,3,193149
1786265483,4,178467
1786265483,5,189449
1786265483,6,171907
1786265483,7,155229
1786265486,0,168007
1786265486,1,265129
1786265486,2,231569
1786265486,3,200589
1786265486,4,185649
1786265486,5,196369
1786265486,6,178567
1786265486,7,161629
1786265490,0,168007
1786265490,1,265129
1786265490,2,231569
1786265490,3,207629
1786265490,4,185649
1786265490,5,196369
1786265490,6,178567
1786265490,7,168849
1786265493,0,176207
1786265493,1,273069
1786265493,2,239249
1786265493,3,215069
1786265493,4,192829
1786265493,5,203289
1786265493,6,185229
1786265493,7,175249
1786265496,0,176207
1786265496,1,273069
1786265496,2,239249
1786265496,3,215069
1786265496,4,192829
1786265496,5,203289
1786265496,6,185229
1786265496,7,175249
1786265499,0,176207
1786265499,1,273069
1786265499,2,239249
1786265499,3,215069
1786265499,4,192829
1786265499,5,203289
1786265499,6,185229
1786265499,7,175249
1786265502,0,176207
1786265502,1,273069
1786265502,2,239249
1786265502,3,215069
1786265502,4,192829
1786265502,5,203289
1786265502,6,185229
1786265502,7,175249
1786265504,0,176307
1786265504,1,273109
1786265504,2,239969
1786265504,3,217049
1786265504,4,207549
1786265504,5,205329
1786265504,6,189709
1786265504,7,175249
1786265510,0,178929
1786265510,1,272049
1786265510,2,242389
1786265510,3,217049
1786265510,4,207549
1786265510,5,205329
1786265510,6,189709
1786265510,7,175249
1786265512,0,179063
1786265512,1,141381
1786265512,2,242403
1786265512,3,217063
1786265512,4,217503
1786265512,5,213343
1786265512,6,189723
1786265512,7,175383
1786265514,0,187265
1786265514,1,149323
1786265514,2,250085
1786265514,3,224505
1786265514,4,224685
1786265514,5,220265
1786265514,6,196385
1786265514,7,181785
1786265518,0,187265
1786265518,1,149323
1786265518,2,250085
1786265518,3,224505
1786265518,4,224685
1786265518,5,220265
1786265518,6,196385
1786265518,7,181785
1786265521,0,187265
1786265521,1,149323
1786265521,2,250085
1786265521,3,224505
1786265521,4,224685
1786265521,5,220265
1786265521,6,196385
1786265521,7,181785
1786265523,0,187265
1786265523,1,149323
1786265523,2,250085
1786265523,3,224625
1786265523,4,224685
1786265523,5,220265
1786265523,6,196385
1786265523,7,182325
1786265525,0,187265
1786265525,1,149323
1786265525,2,250085
1786265525,3,233065
1786265525,4,224685
1786265525,5,220265
1786265525,6,196385
1786265525,7,194345
1786265527,0,195465
1786265527,1,157263
1786265527,2,257765
1786265527,3,240505
1786265527,4,231865
1786265527,5,227185
1786265527,6,203045
1786265527,7,200745
1786265529,0,195945
1786265529,1,157263
1786265529,2,257765
1786265529,3,240505
1786265529,4,231865
1786265529,5,227785
1786265529,6,203045
1786265529,7,200745
1786265532,0,210585
1786265532,1,165203
1786265532,2,265445
1786265532,3,247945
1786265532,4,239045
1786265532,5,234705
1786265532,6,216305
1786265532,7,207145
1786265536,0,210585
1786265536,1,165203
1786265536,2,265445
1786265536,3,247945
1786265536,4,239045
1786265536,5,234705
1786265536,6,216305
1786265536,7,207145
1786265538,0,210585
1786265538,1,165203
1786265538,2,265445
1786265538,3,247945
1786265538,4,239045
1786265538,5,234705
1786265538,6,216305
1786265538,7,207145
1786265540,0,210585
1786265540,1,165203
1786265540,2,265445
1786265540,3,247945
1786265540,4,239045
1786265540,5,234705
1786265540,6,216305
1786265540,7,207145
1786265543,0,210585
1786265543,1,165203
1786265543,2,265445
1786265543,3,247945
1786265543,4,239045
1786265543,5,234705
1786265543,6,216305
1786265543,7,207145
1786265546,0,210585
1786265546,1,165203
1786265546,2,265445
1786265546,3,247945
1786265546,4,239045
1786265546,5,234705
1786265546,6,216305
1786265546,7,207145
1786265548,0,210585
1786265548,1,165203
1786265548,2,265445
1786265548,3,247945
1786265548,4,239045
1786265548,5,234705
1786265548,6,216305
1786265548,7,207145
1786265550,0,210585
1786265550,1,165203
1786265550,2,265445
1786265550,3,247945
1786265550,4,239045
1786265550,5,234705
1786265550,6,216305
1786265550,7,207145
1786265552,0,218785
1786265552,1,176763
1786265552,2,273125
1786265552,3,255385
1786265552,4,246225
1786265552,5,241625
1786265552,6,222965
1786265552,7,213545
1786265555,0,218785
1786265555,1,176763
1786265555,2,273125
1786265555,3,255385
1786265555,4,246225
1786265555,5,241625
1786265555,6,222965
1786265555,7,213545
1786265557,0,218785
1786265557,1,176763
1786265557,2,258605
1786265557,3,255385
1786265557,4,246225
1786265557,5,241625
1786265557,6,222965
1786265557,7,213545
1786265559,0,218785
1786265559,1,176763
1786265559,2,143301
1786265559,3,255385
1786265559,4,246225
1786265559,5,241625
1786265559,6,222965
1786265559,7,213545
1786265562,0,226985
1786265562,1,184703
1786265562,2,158663
1786265562,3,262825
1786265562,4,253405
1786265562,5,248545
1786265562,6,229625
1786265562,7,219945
1786265565,0,226985
1786265565,1,184703
1786265565,2,158663
1786265565,3,262825
1786265565,4,253405
1786265565,5,248545
1786265565,6,229625
1786265565,7,219945
1786265567,0,226985
1786265567,1,184703
1786265567,2,158663
1786265567,3,262825
1786265567,4,253405
1786265567,5,248545
1786265567,6,229625
1786265567,7,219945
1786265569,0,226985
1786265569,1,184703
1786265569,2,158663
1786265569,3,262825
1786265569,4,253405
1786265569,5,248545
1786265569,6,229625
1786265569,7,219945
1786265571,0,226985
1786265571,1,184703
1786265571,2,158663
1786265571,3,262825
1786265571,4,253405
1786265571,5,248545
1786265571,6,229625
1786265571,7,219945
1786265573,0,226985
1786265573,1,184703
1786265573,2,158663
1786265573,3,262825
1786265573,4,253405
1786265573,5,248545
1786265573,6,229625
1786265573,7,219945
1786265575,0,226985
1786265575,1,184703
1786265575,2,158663
1786265575,3,262825
1786265575,4,253405
1786265575,5,248545
1786265575,6,229625
1786265575,7,219945
1786265578,0,235185
1786265578,1,192643
1786265578,2,166345
1786265578,3,270265
1786265578,4,260585
1786265578,5,255465
1786265578,6,236285
1786265578,7,226345
1786265581,0,235185
1786265581,1,197263
1786265581,2,166345
1786265581,3,270265
1786265581,4,260585
1786265581,5,255465
1786265581,6,236285
1786265581,7,226345
1786265583,0,243385
1786265583,1,205203
1786265583,2,174025
1786265583,3,219785
1786265583,4,267765
1786265583,5,262385
1786265583,6,242945
1786265583,7,232745
1786265586,0,243385
1786265586,1,205203
1786265586,2,174025
1786265586,3,118255
1786265586,4,267765
1786265586,5,262385
1786265586,6,242945
1786265586,7,232745
1786265588,0,243385
1786265588,1,205203
1786265588,2,174025
1786265588,3,118255
1786265588,4,267765
1786265588,5,262385
1786265588,6,242945
1786265588,7,232745
1786265590,0,243385
1786265590,1,205203
1786265590,2,174025
1786265590,3,118255
1786265590,4,267765
1786265590,5,262385
1786265590,6,242945
1786265590,7,232745
1786265592,0,243385
1786265592,1,205203
1786265592,2,174025
1786265592,3,118255
1786265592,4,267765
1786265592,5,262385
1786265592,6,242945
1786265592,7,232745
1786265594,0,243385
1786265594,1,205203
1786265594,2,174025
1786265594,3,118255
1786265594,4,267765
1786265594,5,262385
1786265594,6,242945
1786265594,7,232745
1786265596,0,243385
1786265596,1,205203
1786265596,2,174025
1786265596,3,118255
1786265596,4,267765
1786265596,5,262385
1786265596,6,242945
1786265596,7,232745
1786265599,0,243385
1786265599,1,205203
1786265599,2,174025
1786265599,3,131201
1786265599,4,267765
1786265599,5,262385
1786265599,6,242945
1786265599,7,232745
1786265601,0,243385
1786265601,1,205203
1786265601,2,174025
1786265601,3,131201
1786265601,4,267765
1786265601,5,262385
1786265601,6,242945
1786265601,7,232745
1786265603,0,243385
1786265603,1,205203
1786265603,2,174025
1786265603,3,131201
1786265603,4,267765
1786265603,5,262385
1786265603,6,242945
1786265603,7,232745
1786265606,0,243385
1786265606,1,205203
1786265606,2,174025
1786265606,3,131201
1786265606,4,267765
1786265606,5,262385
1786265606,6,242945
1786265606,7,232745
1786265609,0,251585
1786265609,1,213143
1786265609,2,181705
1786265609,3,138643
1786265609,4,261505
1786265609,5,269305
1786265609,6,249605
1786265609,7,239145
1786265611,0,251585
1786265611,1,213143
1786265611,2,181705
1786265611,3,138643
1786265611,4,165085
1786265611,5,269305
1786265611,6,249605
1786265611,7,239145
1786265613,0,251585
1786265613,1,213143
1786265613,2,181705
1786265613,3,138643
1786265613,4,117715
1786265613,5,269305
1786265613,6,249605
1786265613,7,239145
1786265615,0,251585
1786265615,1,213143
1786265615,2,181705
1786265615,3,144803
1786265615,4,127081
1786265615,5,269305
1786265615,6,249605
1786265615,7,239145
1786265617,0,251585
1786265617,1,213143
1786265617,2,181705
1786265617,3,144803
1786265617,4,127561
1786265617,5,269305
1786265617,6,249605
1786265617,7,239145
1786265620,0,259785
1786265620,1,221083
1786265620,2,189385
1786265620,3,152243
1786265620,4,139423
1786265620,5,267685
1786265620,6,256265
1786265620,7,245545
1786265622,0,259785
1786265622,1,221083
1786265622,2,189385
1786265622,3,152243
1786265622,4,139423
1786265622,5,226385
1786265622,6,256265
1786265622,7,245545
1786265625,0,259785
1786265625,1,221083
1786265625,2,189385
1786265625,3,152243
1786265625,4,139423
1786265625,5,124405
1786265625,6,256265
1786265625,7,245545
1786265627,0,259785
1786265627,1,221083
1786265627,2,189385
1786265627,3,152243
1786265627,4,139423
1786265627,5,149501
1786265627,6,256265
1786265627,7,245545
1786265630,0,267985
1786265630,1,229023
1786265630,2,197065
1786265630,3,159683
1786265630,4,146603
1786265630,5,156421
1786265630,6,262925
1786265630,7,251945
1786265632,0,267985
1786265632,1,229023
1786265632,2,197065
1786265632,3,159683
1786265632,4,148863
1786265632,5,156421
1786265632,6,266625
1786265632,7,251945
1786265634,0,254105
1786265634,1,236963
1786265634,2,204745
1786265634,3,167123
1786265634,4,156043
1786265634,5,163343
1786265634,6,273285
1786265634,7,258345
1786265637,0,232265
1786265637,1,236963
1786265637,2,204745
1786265637,3,167123
1786265637,4,156043
1786265637,5,163343
1786265637,6,273285
1786265637,7,258345
1786265640,0,197445
1786265640,1,236963
1786265640,2,204745
1786265640,3,167123
1786265640,4,156043
1786265640,5,163343
1786265640,6,273285
1786265640,7,258345
1786265643,0,146025
1786265643,1,236963
1786265643,2,204745
1786265643,3,167123
1786265643,4,156043
1786265643,5,163343
1786265643,6,273285
1786265643,7,258345
1786265646,0,126701
1786265646,1,236963
1786265646,2,204745
1786265646,3,167123
1786265646,4,156043
1786265646,5,163343
1786265646,6,273285
1786265646,7,258345
1786265648,0,157923
1786265648,1,244903
1786265648,2,212425
1786265648,3,174563
1786265648,4,163223
1786265648,5,175643
1786265648,6,251005
1786265648,7,264745
1786265654,0,157923
1786265654,1,244903
1786265654,2,212425
1786265654,3,174563
1786265654,4,163223
1786265654,5,175643
1786265654,6,235985
1786265654,7,264745
1786265657,0,157923
1786265657,1,244903
1786265657,2,212425
1786265657,3,174563
1786265657,4,163223
1786265657,5,175643
1786265657,6,109775
1786265657,7,264745
1786265659,0,157923
1786265659,1,244903
1786265659,2,212425
1786265659,3,174563
1786265659,4,163223
1786265659,5,175643
1786265659,6,123621
1786265659,7,264745
1786265661,0,166123
1786265661,1,252843
1786265661,2,220105
1786265661,3,182005
1786265661,4,170403
1786265661,5,182565
1786265661,6,130281
1786265661,7,271145
1786265663,0,174323
1786265663,1,260783
1786265663,2,227785
1786265663,3,189445
1786265663,4,177583
1786265663,5,186185
1786265663,6,144683
1786265663,7,274025
1786265667,0,174323
1786265667,1,260783
1786265667,2,227785
1786265667,3,189445
1786265667,4,177583
1786265667,5,189485
1786265667,6,144683
1786265667,7,251085
1786265669,0,174323
1786265669,1,260783
1786265669,2,227785
1786265669,3,189445
1786265669,4,177583
1786265669,5,189485
1786265669,6,144683
1786265669,7,183265
1786265671,0,174323
1786265671,1,260783
1786265671,2,227785
1786265671,3,189445
1786265671,4,182525
1786265671,5,189485
1786265671,6,144683
1786265671,7,128083
1786265673,0,184765
1786265673,1,268723
1786265673,2,232365
1786265673,3,196105
1786265673,4,187505
1786265673,5,196405
1786265673,6,151343
1786265673,7,134483
1786265676,0,191125
1786265676,1,268723
1786265676,2,235465
1786265676,3,196885
1786265676,4,189705
1786265676,5,196405
1786265676,6,151343
1786265676,7,134483
1786265678,0,191125
1786265678,1,268723
1786265678,2,235465
1786265678,3,196885
1786265678,4,189705
1786265678,5,196405
1786265678,6,151343
1786265678,7,134483
1786265680,0,191125
1786265680,1,268723
1786265680,2,235465
1786265680,3,196885
1786265680,4,189705
1786265680,5,196405
1786265680,6,151343
1786265680,7,134483
1786265682,0,199325
1786265682,1,268183
1786265682,2,243145
1786265682,3,204325
1786265682,4,196885
1786265682,5,203325
1786265682,6,158003
1786265682,7,140883
1786265686,0,199325
1786265686,1,189503
1786265686,2,243145
1786265686,3,204325
1786265686,4,196885
1786265686,5,203325
1786265686,6,158003
1786265686,7,140883
1786265688,0,199325
1786265688,1,135359
1786265688,2,243145
1786265688,3,204325
1786265688,4,196885
1786265688,5,203325
1786265688,6,158003
1786265688,7,140883
1786265690,0,207525
1786265690,1,143301
1786265690,2,250825
1786265690,3,211765
1786265690,4,204065
1786265690,5,210245
1786265690,6,164663
1786265690,7,156503
1786265692,0,215725
1786265692,1,151241
1786265692,2,258505
1786265692,3,219205
1786265692,4,211245
1786265692,5,217165
1786265692,6,171323
1786265692,7,162903
1786265695,0,223925
1786265695,1,159181
1786265695,2,266185
1786265695,3,226645
1786265695,4,218425
1786265695,5,224085
1786265695,6,177983
1786265695,7,169303
1786265699,0,232125
1786265699,1,167121
1786265699,2,273865
1786265699,3,234085
1786265699,4,225605
1786265699,5,231005
1786265699,6,184645
1786265699,7,175703
1786265702,0,240325
1786265702,1,175061
1786265702,2,250905
1786265702,3,241525
1786265702,4,232785
1786265702,5,237925
1786265702,6,191305
1786265702,7,182105
1786265704,0,240325
1786265704,1,175061
1786265704,2,116975
1786265704,3,241525
1786265704,4,232785
1786265704,5,237925
1786265704,6,191305
1786265704,7,182105
1786265707,0,240325
1786265707,1,175061
1786265707,2,116975
1786265707,3,241525
1786265707,4,232785
1786265707,5,237925
1786265707,6,191305
1786265707,7,182105
1786265709,0,240325
1786265709,1,175061
1786265709,2,116975
1786265709,3,241525
1786265709,4,232785
1786265709,5,237925
1786265709,6,191305
1786265709,7,182105
1786265711,0,240325
1786265711,1,175061
1786265711,2,116975
1786265711,3,241525
1786265711,4,232785
1786265711,5,237925
1786265711,6,191305
1786265711,7,182105
1786265713,0,240325
1786265713,1,175061
1786265713,2,116975
1786265713,3,241525
1786265713,4,232785
1786265713,5,237925
1786265713,6,191305
1786265713,7,182105
1786265716,0,248525
1786265716,1,183003
1786265716,2,124655
1786265716,3,248965
1786265716,4,239965
1786265716,5,244845
1786265716,6,197965
1786265716,7,188505
1786265718,0,256725
1786265718,1,190943
1786265718,2,132335
1786265718,3,256405
1786265718,4,247145
1786265718,5,251765
1786265718,6,204625
1786265718,7,194905
1786265720,0,264925
1786265720,1,198883
1786265720,2,140015
1786265720,3,263845
1786265720,4,254325
1786265720,5,258685
1786265720,6,211285
1786265720,7,201305
1786265722,0,264925
1786265722,1,198883
1786265722,2,140015
1786265722,3,263845
1786265722,4,254325
1786265722,5,258685
1786265722,6,211285
1786265722,7,201305
1786265724,0,264925
1786265724,1,198883
1786265724,2,140015
1786265724,3,263845
1786265724,4,254325
1786265724,5,258685
1786265724,6,211285
1786265724,7,201305
1786265727,0,264925
1786265727,1,198883
1786265727,2,140015
1786265727,3,263845
1786265727,4,254325
1786265727,5,258685
1786265727,6,211285
1786265727,7,201305
1786265729,0,264925
1786265729,1,198883
1786265729,2,140015
1786265729,3,263845
1786265729,4,254325
1786265729,5,258685
1786265729,6,211285
1786265729,7,201305
1786265732,0,264925
1786265732,1,198883
1786265732,2,140015
1786265732,3,263845
1786265732,4,254325
1786265732,5,258685
1786265732,6,211285
1786265732,7,201305
1786265734,0,264925
1786265734,1,198883
1786265734,2,140015
1786265734,3,263845
1786265734,4,254325
1786265734,5,258685
1786265734,6,211285
1786265734,7,201305
1786265737,0,264925
1786265737,1,198883
1786265737,2,140015
1786265737,3,263845
1786265737,4,254325
1786265737,5,258685
1786265737,6,211285
1786265737,7,201305
1786265739,0,264925
1786265739,1,198883
1786265739,2,140015
1786265739,3,263845
1786265739,4,254325
1786265739,5,258685
1786265739,6,211285
1786265739,7,201305
1786265741,0,264925
1786265741,1,198883
1786265741,2,140015
1786265741,3,263845
1786265741,4,254325
1786265741,5,258685
1786265741,6,211285
1786265741,7,201305
1786265744,0,264925
1786265744,1,198883
1786265744,2,140717
1786265744,3,263845
1786265744,4,254325
1786265744,5,258685
1786265744,6,211285
1786265744,7,201305
1786265746,0,273125
1786265746,1,206823
1786265746,2,148397
1786265746,3,271285
1786265746,4,261505
1786265746,5,265605
1786265746,6,217945
1786265746,7,207705
1786265748,0,273125
1786265748,1,206823
1786265748,2,148397
1786265748,3,271285
1786265748,4,261505
1786265748,5,265605
1786265748,6,217945
1786265748,7,207705
1786265750,0,273125
1786265750,1,206823
1786265750,2,148397
1786265750,3,271285
1786265750,4,261505
1786265750,5,265605
1786265750,6,217945
1786265750,7,207705
1786265752,0,273125
1786265752,1,206823
1786265752,2,148397
1786265752,3,271285
1786265752,4,261505
1786265752,5,265605
1786265752,6,217945
1786265752,7,207705
1786265755,0,273125
1786265755,1,206823
1786265755,2,148397
1786265755,3,271285
1786265755,4,261505
1786265755,5,265605
1786265755,6,217945
1786265755,7,207705
1786265757,0,258065
1786265757,1,213923
1786265757,2,155377
1786265757,3,257305
1786265757,4,267845
1786265757,5,271685
1786265757,6,223765
1786265757,7,213285
1786265760,0,166605
1786265760,1,213923
1786265760,2,155377
1786265760,3,197485
1786265760,4,267845
1786265760,5,271685
1786265760,6,223765
1786265760,7,213285
1786265763,0,107301
1786265763,1,213923
1786265763,2,155377
1786265763,3,115465
1786265763,4,267845
1786265763,5,271685
1786265763,6,223765
1786265763,7,213285
1786265765,0,122667
1786265765,1,221863
1786265765,2,163057
1786265765,3,128547
1786265765,4,271405
1786265765,5,270545
1786265765,6,230425
1786265765,7,219685
1786265767,0,122667
1786265767,1,221863
1786265767,2,163057
1786265767,3,128547
1786265767,4,192545
1786265767,5,180585
1786265767,6,230425
1786265767,7,219685
1786265769,0,122667
1786265769,1,221863
1786265769,2,163057
1786265769,3,128547
1786265769,4,134165
1786265769,5,122325
1786265769,6,230425
1786265769,7,219685
1786265772,0,122667
1786265772,1,221863
1786265772,2,163057
1786265772,3,128547
1786265772,4,117085
1786265772,5,99925
1786265772,6,230425
1786265772,7,219685
1786265774,0,140667
1786265774,1,221863
1786265774,2,163057
1786265774,3,128547
1786265774,4,117527
1786265774,5,117927
1786265774,6,230425
1786265774,7,219685
1786265776,0,148867
1786265776,1,241063
1786265776,2,171717
1786265776,3,142107
1786265776,4,124687
1786265776,5,124847
1786265776,6,237085
1786265776,7,226085
1786265779,0,148867
1786265779,1,241063
1786265779,2,171717
1786265779,3,142107
1786265779,4,124687
1786265779,5,124847
1786265779,6,237085
1786265779,7,226085
1786265781,0,148867
1786265781,1,241063
1786265781,2,171717
1786265781,3,142107
1786265781,4,124687
1786265781,5,124847
1786265781,6,237085
1786265781,7,226085
1786265783,0,172867
1786265783,1,249003
1786265783,2,179499
1786265783,3,149547
1786265783,4,131867
1786265783,5,131767
1786265783,6,243745
1786265783,7,232485
1786265788,0,172867
1786265788,1,249003
1786265788,2,179499
1786265788,3,149547
1786265788,4,142207
1786265788,5,131767
1786265788,6,243745
1786265788,7,232485
1786265791,0,181067
1786265791,1,256943
1786265791,2,202959
1786265791,3,156987
1786265791,4,152547
1786265791,5,143807
1786265791,6,250405
1786265791,7,238885
1786265795,0,182889
1786265795,1,257843
1786265795,2,203019
1786265795,3,157867
1786265795,4,152607
1786265795,5,161007
1786265795,6,250465
1786265795,7,238945
1786265798,0,189269
1786265798,1,264883
1786265798,2,210639
1786265798,3,164427
1786265798,4,159727
1786265798,5,167887
1786265798,6,257065
1786265798,7,245285
1786265801,0,189269
1786265801,1,264883
1786265801,2,210639
1786265801,3,164427
1786265801,4,159727
1786265801,5,167887
1786265801,6,257065
1786265801,7,245285
1786265804,0,197469
1786265804,1,272823
1786265804,2,218319
1786265804,3,171867
1786265804,4,166907
1786265804,5,182009
1786265804,6,263725
1786265804,7,258265
1786265807,0,197469
1786265807,1,272823
1786265807,2,218319
1786265807,3,171867
1786265807,4,166907
1786265807,5,182009
1786265807,6,263725
1786265807,7,258265
1786265809,0,197469
1786265809,1,272823
1786265809,2,218319
1786265809,3,171867
1786265809,4,166907
1786265809,5,182009
1786265809,6,259005
1786265809,7,258265
1786265811,0,197469
1786265811,1,272823
1786265811,2,218319
1786265811,3,171867
1786265811,4,166907
1786265811,5,182009
1786265811,6,132129
1786265811,7,258265
1786265813,0,205669
1786265813,1,239343
1786265813,2,225999
1786265813,3,179309
1786265813,4,174087
1786265813,5,188929
1786265813,6,138789
1786265813,7,264665
1786265816,0,205669
1786265816,1,190403
1786265816,2,225999
1786265816,3,179309
1786265816,4,174087
1786265816,5,188929
1786265816,6,138789
1786265816,7,264665
1786265818,0,205669
1786265818,1,144363
1786265818,2,225999
1786265818,3,179309
1786265818,4,174087
1786265818,5,188929
1786265818,6,138789
1786265818,7,264665
1786265821,0,205669
1786265821,1,123747
1786265821,2,225999
1786265821,3,180289
1786265821,4,174087
1786265821,5,188929
1786265821,6,138789
1786265821,7,264665
1786265823,0,213869
1786265823,1,132467
1786265823,2,233679
1786265823,3,187729
1786265823,4,181269
1786265823,5,195849
1786265823,6,145449
1786265823,7,271065
1786265825,0,222069
1786265825,1,140407
1786265825,2,241359
1786265825,3,195169
1786265825,4,188449
1786265825,5,202769
1786265825,6,152109
1786265825,7,270425
1786265828,0,222069
1786265828,1,140407
1786265828,2,241359
1786265828,3,195169
1786265828,4,188449
1786265828,5,202769
1786265828,6,152109
1786265828,7,111201
1786265831,0,222069
1786265831,1,140407
1786265831,2,241359
1786265831,3,195169
1786265831,4,188449
1786265831,5,202769
1786265831,6,152109
1786265831,7,113601
1786265833,0,222069
1786265833,1,140407
1786265833,2,241359
1786265833,3,196189
1786265833,4,188449
1786265833,5,202769
1786265833,6,152109
1786265833,7,124227
1786265835,0,230269
1786265835,1,148347
1786265835,2,249039
1786265835,3,203629
1786265835,4,195629
1786265835,5,209689
1786265835,6,158769
1786265835,7,130627
1786265838,0,230269
1786265838,1,148347
1786265838,2,249039
1786265838,3,203629
1786265838,4,195629
1786265838,5,209689
1786265838,6,158769
1786265838,7,130627
1786265840,0,230269
1786265840,1,148347
1786265840,2,249039
1786265840,3,203629
1786265840,4,195629
1786265840,5,209689
1786265840,6,158769
1786265840,7,130627
1786265842,0,230269
1786265842,1,172107
1786265842,2,249039
1786265842,3,217549
1786265842,4,195629
1786265842,5,209689
1786265842,6,158769
1786265842,7,130627
1786265844,0,238469
1786265844,1,180049
1786265844,2,256719
1786265844,3,224989
1786265844,4,202809
1786265844,5,216609
1786265844,6,165429
1786265844,7,137027
1786265847,0,246669
1786265847,1,187989
1786265847,2,264399
1786265847,3,232429
1786265847,4,209989
1786265847,5,223529
1786265847,6,172089
1786265847,7,168327
1786265850,0,246669
1786265850,1,187989
1786265850,2,264399
1786265850,3,232429
1786265850,4,209989
1786265850,5,223529
1786265850,6,172089
1786265850,7,168327
1786265852,0,246669
1786265852,1,187989
1786265852,2,125879
1786265852,3,232429
1786265852,4,209989
1786265852,5,223529
1786265852,6,172089
1786265852,7,168327
1786265854,0,254869
1786265854,1,195929
1786265854,2,142069
1786265854,3,239869
1786265854,4,217169
1786265854,5,230449
1786265854,6,178749
1786265854,7,174727
1786265857,0,263069
1786265857,1,203869
1786265857,2,149749
1786265857,3,247309
1786265857,4,230889
1786265857,5,237369
1786265857,6,185409
1786265857,7,181129
1786265859,0,263069
1786265859,1,203869
1786265859,2,149749
1786265859,3,247309
1786265859,4,230889
1786265859,5,237369
1786265859,6,185409
1786265859,7,181129
1786265862,0,271329
1786265862,1,211809
1786265862,2,157429
1786265862,3,254749
1786265862,4,238069
1786265862,5,246049
1786265862,6,200469
1786265862,7,187529
1786265867,0,271329
1786265867,1,211809
1786265867,2,157429
1786265867,3,254749
1786265867,4,238069
1786265867,5,246049
1786265867,6,200469
1786265867,7,187529
1786265869,0,271329
1786265869,1,211809
1786265869,2,157429
1786265869,3,254749
1786265869,4,238069
1786265869,5,246049
1786265869,6,200469
1786265869,7,187529
1786265871,0,271329
1786265871,1,211809
1786265871,2,157429
1786265871,3,254749
1786265871,4,238069
1786265871,5,246049
1786265871,6,200469
1786265871,7,187529
1786265873,0,271329
1786265873,1,211809
1786265873,2,157429
1786265873,3,254749
1786265873,4,238069
1786265873,5,246049
1786265873,6,200469
1786265873,7,187529
1786265877,0,271889
1786265877,1,219749
1786265877,2,165109
1786265877,3,267109
1786265877,4,245249
1786265877,5,252969
1786265877,6,207129
1786265877,7,197049
