"name","calls","sum_ms","max_ms"
"ncclDevKernel_AllGather_RING_LL(ncclDevKernelArgsStorage<4096ul>)",11,1628.896137,1616.350311
"ncclDevKernel_Broadcast_RING_LL(ncclDevKernelArgsStorage<4096ul>)",6,135.978244,94.957733
"kernel_cutlass_bwd_cudnndeepseek_sparse_attentionsparse_attention_backwarddsa_bwd_sm100FlashAttentionDSABackwardSm100_object_at_____Int32_Int32_TiledMMA_ThrLayoutVMNK11110000_PermutationM_1",3,69.869149,23.620353
"nvjet_sm103_tss_256x256_64x4_2x2f_2cta_h_bz_NNT",8,35.940196,4.676633
"triton_poi_fused__to_copy_mul_unsqueeze_view_0",2048,25.424591,0.017183
"void sm100::fwd::head64::sparse_attn_fwd_kernel<true, 0, sm100::fwd::head64::TmaParams<cute::tuple<int, int, int>, cute::TiledCopy<cute::Copy_Atom<cute::Copy_Traits<cute::SM90_TMA_LOAD, cute::C<65536>, cute::AuxTmaParams<cute::tuple<cute::ScaledBasis<cute::C<1>, 1>, cute::ScaledBasis<cute::C<1>, 0>, cute::ScaledBasis<cute::C<1>, 2> >, cute::Layout<cute::tuple<cute::C<64>, cute::C<64>, cute::C<1> >, cute::tuple<cute::ScaledBasis<cute::C<1>, 1>, cute::ScaledBasis<cute::C<1>, 0>, cute::ScaledBasis<cute::C<1>, 2> > > const&, cute::Swizzle<3, 4, 3> const&> >, cutlass::bfloat16_t>, cute::Layout<cute::tuple<cute::C<1>, cute::tuple<cute::tuple<cute::tuple<cute::C<64>, cute::C<64> >, cute::C<8> > > >, cute::tuple<cute::C<0>, cute::tuple<cute::tuple<cute::tuple<cute::C<64>, cute::C<1> >, cute::C<4096> > > > >, cute::tuple<cute::C<64>, cute::C<512> > >, cute::tuple<int, int, int>, cute::TiledCopy<cute::Copy_Atom<cute::Copy_Traits<cute::SM90_TMA_LOAD, cute::C<32768>, cute::AuxTmaParams<cute::tuple<cute::ScaledBasis<cute::C<1>, 1>, cute::ScaledBasis<cute::C<1>, 0>, cute::ScaledBasis<cute::C<1>, 2> >, cute::Layout<cute::tuple<cute::C<32>, cute::C<64>, cute::C<1> >, cute::tuple<cute::ScaledBasis<cute::C<1>, 1>, cute::ScaledBasis<cute::C<1>, 0>, cute::ScaledBasis<cute::C<1>, 2> > > const&, cute::Swizzle<2, 4, 3> const&> >, cutlass::bfloat16_t>, cute::Layout<cute::tuple<cute::C<1>, cute::tuple<cute::tuple<cute::tuple<cute::C<32>, cute::C<64> >, cute::C<2> > > >, cute::tuple<cute::C<0>, cute::tuple<cute::tuple<cute::tuple<cute::C<64>, cute::C<1> >, cute::C<2048> > > > >, cute::tuple<cute::C<64>, cute::C<64> > >, cute::tuple<int, int, int>, cute::TiledCopy<cute::Copy_Atom<cute::Copy_Traits<cute::SM90_TMA_STORE, cute::C<65536>, cute::AuxTmaParams<cute::tuple<cute::ScaledBasis<cute::C<1>, 1>, cute::ScaledBasis<cute::C<1>, 0>, cute::ScaledBasis<cute::C<1>, 2> >, cute::Layout<cute::tuple<cute::C<64>, cute::C<64>, cute::C<1> >, cute::tuple<cute::ScaledBasis<cute::C<1>, 1>, cute::ScaledBasis<cute::C<1>, 0>, cute::ScaledBasis<cute::C<1>, 2> > > const&, cute::Swizzle<3, 4, 3> const&> >, cutlass::bfloat16_t>, cute::Layout<cute::tuple<cute::C<1>, cute::tuple<cute::tuple<cute::tuple<cute::C<64>, cute::C<64> >, cute::C<1> > > >, cute::tuple<cute::C<0>, cute::tuple<cute::tuple<cute::tuple<cute::C<64>, cute::C<1> >, cute::C<0> > > > >, cute::tuple<cute::C<64>, cute::C<64> > > > >(SparseAttnFwdParams, sm100::fwd::head64::TmaParams<cute::tuple<int, int, int>, cute::TiledCopy<cute::Copy_Atom<cute::Copy_Traits<cute::SM90_TMA_LOAD, cute::C<65536>, cute::AuxTmaParams<cute::tuple<cute::ScaledBasis<cute::C<1>, 1>, cute::ScaledBasis<cute::C<1>, 0>, cute::ScaledBasis<cute::C<1>, 2> >, cute::Layout<cute::tuple<cute::C<64>, cute::C<64>, cute::C<1> >, cute::tuple<cute::ScaledBasis<cute::C<1>, 1>, cute::ScaledBasis<cute::C<1>, 0>, cute::ScaledBasis<cute::C<1>, 2> > > const&, cute::Swizzle<3, 4, 3> const&> >, cutlass::bfloat16_t>, cute::Layout<cute::tuple<cute::C<1>, cute::tuple<cute::tuple<cute::tuple<cute::C<64>, cute::C<64> >, cute::C<8> > > >, cute::tuple<cute::C<0>, cute::tuple<cute::tuple<cute::tuple<cute::C<64>, cute::C<1> >, cute::C<4096> > > > >, cute::tuple<cute::C<64>, cute::C<512> > >, cute::tuple<int, int, int>, cute::TiledCopy<cute::Copy_Atom<cute::Copy_Traits<cute::SM90_TMA_LOAD, cute::C<32768>, cute::AuxTmaParams<cute::tuple<cute::ScaledBasis<cute::C<1>, 1>, cute::ScaledBasis<cute::C<1>, 0>, cute::ScaledBasis<cute::C<1>, 2> >, cute::Layout<cute::tuple<cute::C<32>, cute::C<64>, cute::C<1> >, cute::tuple<cute::ScaledBasis<cute::C<1>, 1>, cute::ScaledBasis<cute::C<1>, 0>, cute::ScaledBasis<cute::C<1>, 2> > > const&, cute::Swizzle<2, 4, 3> const&> >, cutlass::bfloat16_t>, cute::Layout<cute::tuple<cute::C<1>, cute::tuple<cute::tuple<cute::tuple<cute::C<32>, cute::C<64> >, cute::C<2> > > >, cute::tuple<cute::C<0>, cute::tuple<cute::tuple<cute::tuple<cute::C<64>, cute::C<1> >, cute::C<2048> > > > >, cute::tuple<cute::C<64>, cute::C<64> > >, cute::tuple<int, int, int>, cute::TiledCopy<cute::Copy_Atom<cute::Copy_Traits<cute::SM90_TMA_STORE, cute::C<65536>, cute::AuxTmaParams<cute::tuple<cute::ScaledBasis<cute::C<1>, 1>, cute::ScaledBasis<cute::C<1>, 0>, cute::ScaledBasis<cute::C<1>, 2> >, cute::Layout<cute::tuple<cute::C<64>, cute::C<64>, cute::C<1> >, cute::tuple<cute::ScaledBasis<cute::C<1>, 1>, cute::ScaledBasis<cute::C<1>, 0>, cute::ScaledBasis<cute::C<1>, 2> > > const&, cute::Swizzle<3, 4, 3> const&> >, cutlass::bfloat16_t>, cute::Layout<cute::tuple<cute::C<1>, cute::tuple<cute::tuple<cute::tuple<cute::C<64>, cute::C<64> >, cute::C<1> > > >, cute::tuple<cute::C<0>, cute::tuple<cute::tuple<cute::tuple<cute::C<64>, cute::C<1> >, cute::C<0> > > > >, cute::tuple<cute::C<64>, cute::C<64> > > >)",6,24.210307,4.314327
"_sort_chunks_by_map_kernel",12,20.369612,1.864138
"kernel_cutlass_kernel_cudnndeepseek_sparse_attentionindexer_forwardindexer_fwd_sm100IndexerForwardSm100_object_at__tensor00000_o_321112101314_tensor0000_o_11101213_tensorptrbf16_gmem_alig_0",10,19.278571,2.133740
"nvjet_sm103_tst_128x256_64x6_2x1_2cta_v_bz_TNT",124,17.575929,0.592835
"nvjet_sm103_tss_128x256_64x6_2x1_2cta_v_bz_TNT",4,17.165660,4.305207
"void at::native::elementwise_kernel<128, 4, at::native::gpu_kernel_impl_nocast<at::native::direct_copy_kernel_cuda(at::TensorIteratorBase&)::{lambda()#3}::operator()() const::{lambda()#12}::operator()() const::{lambda(c10::BFloat16)#1}>(at::TensorIteratorBase&, at::native::direct_copy_kernel_cuda(at::TensorIteratorBase&)::{lambda()#3}::operator()() const::{lambda()#12}::operator()() const::{lambda(c10::BFloat16)#1} const&)::{lambda(int)#1}>(int, at::native::gpu_kernel_impl_nocast<at::native::direct_copy_kernel_cuda(at::TensorIteratorBase&)::{lambda()#3}::operator()() const::{lambda()#12}::operator()() const::{lambda(c10::BFloat16)#1}>(at::TensorIteratorBase&, at::native::direct_copy_kernel_cuda(at::TensorIteratorBase&)::{lambda()#3}::operator()() const::{lambda()#12}::operator()() const::{lambda(c10::BFloat16)#1} const&)::{lambda(int)#1})",42,16.326837,1.369832
"nvjet_sm103_tst_128x256_64x6_2x1_2cta_v_bz_NNT",65,15.160763,1.807082
"void at::native::unrolled_elementwise_kernel<at::native::direct_copy_kernel_cuda(at::TensorIteratorBase&)::{lambda()#3}::operator()() const::{lambda()#7}::operator()() const::{lambda(float)#1}, std::array<char*, 2ul>, 4, TrivialOffsetCalculator<1, unsigned int>, TrivialOffsetCalculator<1, unsigned int>, at::native::memory::LoadWithCast<1>, at::native::memory::StoreWithCast<1> >(int, at::native::direct_copy_kernel_cuda(at::TensorIteratorBase&)::{lambda()#3}::operator()() const::{lambda()#7}::operator()() const::{lambda(float)#1}, std::array<char*, 2ul>, TrivialOffsetCalculator<1, unsigned int>, TrivialOffsetCalculator<1, unsigned int>, at::native::memory::LoadWithCast<1>, at::native::memory::StoreWithCast<1>)",60,14.141809,0.876644
"nvjet_sm103_tst_256x256_64x4_2x2f_2cta_h_bz_TNT",8,12.645509,1.724873
"void at::native::vectorized_elementwise_kernel<8, at::native::CUDAFunctor_add<c10::BFloat16>, std::array<char*, 3ul> >(int, at::native::CUDAFunctor_add<c10::BFloat16>, std::array<char*, 3ul>)",172,9.951926,0.358274
"void at::native::vectorized_elementwise_kernel<4, at::native::CUDAFunctor_add<float>, std::array<char*, 3ul> >(int, at::native::CUDAFunctor_add<float>, std::array<char*, 3ul>)",24,8.840690,0.544771
"void at::native::(anonymous namespace)::CatArrayBatchedCopy<at::native::(anonymous namespace)::OpaqueType<2u>, unsigned int, 4, 64, 64>(at::native::(anonymous namespace)::OpaqueType<2u>*, at::native::(anonymous namespace)::CatArrInputTensorMetadata<at::native::(anonymous namespace)::OpaqueType<2u>, unsigned int, 64, 64>, at::native::(anonymous namespace)::TensorSizeStride<unsigned int, 4u>, int, unsigned int)",54,8.227146,0.395394
"void at::native::vectorized_elementwise_kernel<8, at::native::AUnaryFunctor<c10::BFloat16, c10::BFloat16, c10::BFloat16, at::native::binary_internal::MulFunctor<float> >, std::array<char*, 2ul> >(int, at::native::AUnaryFunctor<c10::BFloat16, c10::BFloat16, c10::BFloat16, at::native::binary_internal::MulFunctor<float> >, std::array<char*, 2ul>)",72,7.039979,0.388163
"nvjet_sm103_tst_256x256_64x4_2x1_2cta_v_bz_TNT",18,7.012998,2.628207
"void at::native::vectorized_elementwise_kernel<8, at::native::bfloat16_copy_kernel_cuda(at::TensorIteratorBase&)::{lambda(float)#1}, std::array<char*, 2ul> >(int, at::native::bfloat16_copy_kernel_cuda(at::TensorIteratorBase&)::{lambda(float)#1}, std::array<char*, 2ul>)",110,6.933895,0.273985
"_permute_kernel",6,5.086972,1.205766
"nvjet_sm103_tst_64x8_64x16_4x1_v_bz_splitK_TNT",208,4.829886,0.063168
"nvjet_sm103_tst_256x256_64x4_2x2f_2cta_h_bz_NNT",4,4.505687,2.649422
"kernel_cutlass_indexer_topk_kernel_cudnndeepseek_sparse_attentionindexer_top_kindexer_top_k_decode_varlenIndexerTopKKernelVarlenDecode_object_at__tensorptrf32gmemalign32oi641_None_tensorp_0",10,4.096312,0.431683
"void at::native::elementwise_kernel<128, 4, at::native::gpu_kernel_impl_nocast<at::native::BinaryFunctor<c10::BFloat16, c10::BFloat16, c10::BFloat16, at::native::binary_internal::MulFunctor<float> > >(at::TensorIteratorBase&, at::native::BinaryFunctor<c10::BFloat16, c10::BFloat16, c10::BFloat16, at::native::binary_internal::MulFunctor<float> > const&)::{lambda(int)#1}>(int, at::native::gpu_kernel_impl_nocast<at::native::BinaryFunctor<c10::BFloat16, c10::BFloat16, c10::BFloat16, at::native::binary_internal::MulFunctor<float> > >(at::TensorIteratorBase&, at::native::BinaryFunctor<c10::BFloat16, c10::BFloat16, c10::BFloat16, at::native::binary_internal::MulFunctor<float> > const&)::{lambda(int)#1})",32,3.877719,0.188193
"void at::native::(anonymous namespace)::CatArrayBatchedCopy<at::native::(anonymous namespace)::OpaqueType<2u>, unsigned int, 3, 64, 64>(at::native::(anonymous namespace)::OpaqueType<2u>*, at::native::(anonymous namespace)::CatArrInputTensorMetadata<at::native::(anonymous namespace)::OpaqueType<2u>, unsigned int, 64, 64>, at::native::(anonymous namespace)::TensorSizeStride<unsigned int, 4u>, int, unsigned int)",3,3.640373,1.234951
"void cublasLt::splitKreduce_kernel<32, 16, int, float, __nv_bfloat16, float, __nv_bfloat16, false, float, __nv_bfloat16, __nv_bfloat16, true, false, false, false>(cublasLt::cublasSplitKParams<float>, float const*, __nv_bfloat16 const*, float*, __nv_bfloat16*, float const*, float const*, __nv_bfloat16 const*, float const*, __nv_bfloat16*, void*, long, float*, int*, float*, float*, float const*, float const*, float const*, float const*, float const*)",457,3.583448,0.052321
"void transformer_engine::normalization::rmsnorm_fwd_general_kernel<transformer_engine::normalization::Kernel_traits<__nv_bfloat16, __nv_bfloat16, __nv_bfloat16, float, unsigned int, 8192u, 1u, 1u, 4u, 16u, transformer_engine::normalization::Kernel_traits_base<8192u, __nv_bfloat16, __nv_bfloat16, __nv_bfloat16, float, unsigned int, 128u> > >(transformer_engine::normalization::ForwardKernelParams)",13,3.219375,0.261058
"nvjet_sm103_tst_128x192_64x7_2x1_2cta_v_bz_TNT",72,3.131314,0.111393
"triton_poi_fused__to_copy_add_cat_mul_rsub_sigmoid_silu_split_0",2,3.087921,1.662857
"void transformer_engine::normalization::rmsnorm_bwd_general_kernel<transformer_engine::normalization::Kernel_traits<__nv_bfloat16, __nv_bfloat16, __nv_bfloat16, float, unsigned int, 4096u, 1u, 1u, 4u, 16u, transformer_engine::normalization::Kernel_traits_base<4096u, __nv_bfloat16, __nv_bfloat16, __nv_bfloat16, float, unsigned int, 128u> >, false>(transformer_engine::normalization::BackwardKernelParams)",7,3.086192,0.463298
"ncclDevKernel_AllReduce_Sum_f32_RING_LL(ncclDevKernelArgsStorage<4096ul>)",1,3.073553,3.073553
"element_mul_kernel",4,3.043666,0.763301
"cross_entropy_kernel",4,3.028369,0.758500
"triton_poi_fused_add_cat_mul_rsub_sigmoid_silu_split_0",3,2.518190,1.880139
"nvjet_sm103_tst_64x8_64x16_4x1_v_bz_TNT",208,2.507854,0.029023
"void at::native::(anonymous namespace)::CatArrayBatchedCopy_vectorized<at::native::(anonymous namespace)::OpaqueType<2u>, unsigned int, 3, 128, 1, 16, 8>(char*, at::native::(anonymous namespace)::CatArrInputTensorMetadata<at::native::(anonymous namespace)::OpaqueType<2u>, unsigned int, 128, 1>, at::native::(anonymous namespace)::TensorSizeStride<unsigned int, 4u>, int, unsigned int)",15,2.273420,0.365570
"nvjet_sm103_tst_64x8_64x16_4x1_v_bz_NNT",104,2.236238,0.049056
"nvjet_sm103_tst_128x192_64x7_2x1_2cta_v_bz_NNT",38,2.218097,0.135361
"void at::native::sbtopk::gatherTopK<float, unsigned int, 2, false>(at::cuda::detail::TensorInfo<float const, unsigned int>, unsigned int, unsigned int, bool, unsigned int, unsigned int, at::cuda::detail::TensorInfo<float, unsigned int>, unsigned int, at::cuda::detail::TensorInfo<long, unsigned int>, unsigned int, float*)",12,2.181162,0.282146
"_unpermute_kernel",6,2.145292,0.460450
"void at::native::radixSortKVInPlace<2, -1, 64, 32, long, long, unsigned int>(at::cuda::detail::TensorInfo<long, unsigned int>, unsigned int, unsigned int, unsigned int, at::cuda::detail::TensorInfo<long, unsigned int>, unsigned int, bool)",2,2.043882,1.022693
"nvjet_sm103_tst_128x160_64x8_2x1_2cta_v_bz_TNT",40,1.936904,0.127552
"void at::native::indexFuncLargeIndex<c10::BFloat16, long, unsigned int, 2, 2, -2, true, at::native::(anonymous namespace)::ReduceAdd>(at::cuda::detail::TensorInfo<c10::BFloat16, unsigned int>, at::cuda::detail::TensorInfo<c10::BFloat16 const, unsigned int>, at::cuda::detail::TensorInfo<long const, unsigned int>, int, int, unsigned int, unsigned int, long, long, at::native::(anonymous namespace)::ReduceAdd const&, c10::BFloat16)",3,1.875913,0.630819
"online_softmax_kernel",4,1.855498,0.467555
"triton_poi_fused_mul_silu_split_0",6,1.737866,0.643043
"nvjet_sm103_tst_128x160_64x8_2x2_2cta_h_bz_TNT",36,1.638795,0.084193
"triton_poi_fused__to_copy_mul_silu_split_0",4,1.613097,0.518467
"nvjet_sm103_tst_32x128_64x12_1x4_2cta_h_bz_TNN",40,1.608839,0.085056
"nvjet_sm103_tst_64x8_64x16_4x1_v_bz_splitK_NNT",104,1.381322,0.051104
"nvjet_sm103_tst_64x16_64x16_2x2_2cta_h_bz_TNT",54,1.374317,0.057952
"nvjet_sm103_tst_256x224_64x4_2x1_2cta_v_bz_TNT",16,1.353544,0.150145
"_make_chunk_sort_map_kernel",8,1.343625,0.188801
"void at::native::vectorized_elementwise_kernel<4, at::native::FillFunctor<float>, std::array<char*, 1ul> >(int, at::native::FillFunctor<float>, std::array<char*, 1ul>)",48,1.255464,0.123681
"nvjet_sm103_tst_256x208_64x4_2x1_2cta_v_bz_TNT",20,1.204451,0.123489
"void at::native::radixSortKVInPlace<2, -1, 64, 32, int, long, unsigned int>(at::cuda::detail::TensorInfo<int, unsigned int>, unsigned int, unsigned int, unsigned int, at::cuda::detail::TensorInfo<long, unsigned int>, unsigned int, bool)",2,1.183910,0.592291
"nvjet_sm103_tst_64x8_64x16_2x2_h_bz_TNT",48,1.122956,0.053888
"nvjet_sm103_tst_96x64_64x13_2x2_2cta_h_bz_NNN",43,1.106565,0.039040
"kernel_cutlass_sum_OdO_cudnndeepseek_sparse_attentionsparse_attention_backwarddsa_bwd_sm100FlashAttentionDSABackwardSm100_object_at__tensorptrbf16gmemalign16odiv5121i64div5121i64div5120_t_0",3,1.103845,0.370305
"nvjet_sm103_tst_128x192_64x7_2x2_2cta_h_bz_TNT",22,1.103781,0.075265
"nvjet_sm103_tst_256x128_64x5_2x2f_2cta_h_bz_TNT",18,1.089381,0.122049
"void at::native::vectorized_gather_kernel<16, long>(char*, char*, long*, int, long, long, long, long, bool)",31,1.013386,0.079233
"nvjet_sm103_tst_64x64_64x16_2x2_2cta_h_bz_TNT",34,1.012579,0.064289
"nvjet_sm103_tst_128x144_64x8_2x2_2cta_h_bz_TNT",24,1.007332,0.074176
"nvjet_sm103_tst_256x128_64x5_2x1_2cta_v_bz_TNT",12,0.994789,0.176992
"nvjet_sm103_tst_256x136_64x4_1x2_h_bz_TNT",24,0.965988,0.110241
"void at::native::elementwise_kernel<128, 4, at::native::gpu_kernel_impl_nocast<at::native::neg_kernel_cuda(at::TensorIteratorBase&)::{lambda()#2}::operator()() const::{lambda()#9}::operator()() const::{lambda(c10::BFloat16)#1}>(at::TensorIteratorBase&, at::native::neg_kernel_cuda(at::TensorIteratorBase&)::{lambda()#2}::operator()() const::{lambda()#9}::operator()() const::{lambda(c10::BFloat16)#1} const&)::{lambda(int)#1}>(int, at::native::gpu_kernel_impl_nocast<at::native::neg_kernel_cuda(at::TensorIteratorBase&)::{lambda()#2}::operator()() const::{lambda()#9}::operator()() const::{lambda(c10::BFloat16)#1}>(at::TensorIteratorBase&, at::native::neg_kernel_cuda(at::TensorIteratorBase&)::{lambda()#2}::operator()() const::{lambda()#9}::operator()() const::{lambda(c10::BFloat16)#1} const&)::{lambda(int)#1})",26,0.957863,0.087616
"_row_id_map_pass_3_kernel",4,0.888676,0.244225
"nvjet_sm103_tst_96x64_64x15_2x2_2cta_h_bz_TNN",66,0.876739,0.021119
"nvjet_sm103_tst_128x256_64x6_2x2f_2cta_h_bz_TNT",8,0.831621,0.151649
"ncclDevKernel_ReduceScatter_Sum_bf16_RING_LL(ncclDevKernelArgsStorage<4096ul>)",3,0.806180,0.350497
"void at::native::vectorized_elementwise_kernel<8, at::native::FillFunctor<c10::BFloat16>, std::array<char*, 1ul> >(int, at::native::FillFunctor<c10::BFloat16>, std::array<char*, 1ul>)",29,0.797860,0.057056
"nvjet_sm103_tst_32x256_64x6_1x2_2cta_h_bz_splitK_NNN",4,0.792643,0.198753
"nvjet_sm103_tst_256x224_64x4_2x2_2cta_h_bz_TNT",8,0.778115,0.144352
"void at::native::elementwise_kernel<128, 4, at::native::gpu_kernel_impl<at::native::(anonymous namespace)::CompareFunctor<long> >(at::TensorIteratorBase&, at::native::(anonymous namespace)::CompareFunctor<long> const&)::{lambda(int)#1}>(int, at::native::gpu_kernel_impl<at::native::(anonymous namespace)::CompareFunctor<long> >(at::TensorIteratorBase&, at::native::(anonymous namespace)::CompareFunctor<long> const&)::{lambda(int)#1})",6,0.766852,0.133345
"nvjet_sm103_tst_128x160_64x8_2x1_2cta_v_bz_NNT",16,0.765602,0.090337
"nvjet_sm103_tst_32x384_64x4_1x2_2cta_h_bz_NTN",4,0.740611,0.185953
"nvjet_sm103_tst_256x224_64x4_2x1_2cta_v_bz_NNT",9,0.730756,0.120097
"nvjet_sm103_tst_32x128_64x10_1x4_2cta_h_bz_NNN",18,0.708129,0.124640
"nvjet_sm103_tst_192x128_64x5_1x2_h_bz_TNT",3,0.705411,0.235457
"triton_red_fused__to_copy_mul_silu_split_sum_1",2,0.698788,0.370370
"ncclDevKernel_AllReduce_Sum_u64_RING_LL(ncclDevKernelArgsStorage<4096ul>)",1,0.692804,0.692804
"nvjet_sm103_tst_128x64_64x10_2x2_2cta_h_bz_TNT",22,0.680743,0.048257
"nvjet_sm103_tst_256x128_64x5_2x2f_2cta_h_bz_NNT",7,0.671299,0.117473
"nvjet_sm103_tst_64x16_64x16_4x1_2cta_v_bz_TNT",52,0.666082,0.028288
"nvjet_sm103_tst_128x64_64x10_2x1_2cta_v_bz_NNT",20,0.663137,0.051488
"nvjet_sm103_tst_128x128_64x8_2x2_2cta_h_bz_TNT",18,0.658051,0.049664
"nvjet_sm103_tst_64x16_64x16_4x1_2cta_v_bz_NNT",26,0.653796,0.088257
"nvjet_sm103_tst_256x136_64x4_1x2_h_bz_NNT",12,0.631682,0.072736
"void at::native::_scatter_gather_elementwise_kernel<128, 8, at::native::_cuda_scatter_gather_internal_kernel<false, at::native::OpaqueType<4>, long>::operator()<at::native::TensorAssign>(at::TensorIterator&, long, long, long, at::native::TensorAssign const&)::{lambda(int)#1}>(int, at::native::_cuda_scatter_gather_internal_kernel<false, at::native::OpaqueType<4>, long>::operator()<at::native::TensorAssign>(at::TensorIterator&, long, long, long, at::native::TensorAssign const&)::{lambda(int)#1})",10,0.628449,0.150401
"nvjet_sm103_tst_128x208_64x7_2x1_2cta_v_bz_NNT",16,0.612514,0.063809
"nvjet_sm103_tst_256x240_64x4_2x1_2cta_v_bz_TNT",4,0.600708,0.157281
"nvjet_sm103_tst_64x24_64x16_2x2_h_bz_TNT",24,0.595170,0.043392
"nvjet_sm103_tst_64x32_64x16_2x2_2cta_h_bz_TNT",22,0.591491,0.043040
"nvjet_sm103_tst_256x120_64x4_1x4f_h_bz_TNT",6,0.586403,0.150497
"nvjet_sm103_tst_128x256_64x6_2x2f_2cta_h_bz_NNT",6,0.577122,0.156577
"nvjet_sm103_tst_64x96_64x15_2x2_2cta_h_bz_TNT",20,0.572838,0.053921
"nvjet_sm103_tst_128x224_64x7_2x1_2cta_v_bz_TNT",10,0.546821,0.158242
"nvjet_sm103_tst_128x208_64x7_2x2_2cta_h_bz_TNT",10,0.520067,0.091904
"nvjet_sm103_tst_128x80_64x10_2x2_2cta_h_bz_TNT",16,0.506433,0.067392
"nvjet_sm103_tst_128x128_64x8_2x1_2cta_v_bz_NNT",13,0.501699,0.055648
"nvjet_sm103_tst_128x208_64x7_2x1_2cta_v_bz_TNT",26,0.499878,0.029568
"void at::native::_scatter_gather_elementwise_kernel<128, 8, at::native::_cuda_scatter_gather_internal_kernel<false, at::native::OpaqueType<1>, long>::operator()<at::native::TensorAssign>(at::TensorIterator&, long, long, long, at::native::TensorAssign const&)::{lambda(int)#1}>(int, at::native::_cuda_scatter_gather_internal_kernel<false, at::native::OpaqueType<1>, long>::operator()<at::native::TensorAssign>(at::TensorIterator&, long, long, long, at::native::TensorAssign const&)::{lambda(int)#1})",4,0.492004,0.133217
"nvjet_sm103_tst_144x128_64x8_2x2f_2cta_h_bz_TNN",6,0.474786,0.085600
"nvjet_sm103_tst_256x128_64x5_2x2_2cta_h_bz_TNT",12,0.474724,0.047904
"kernel_cutlass_convert_cudnndeepseek_sparse_attentionsparse_attention_backwarddsa_bwd_sm100FlashAttentionDSABackwardSm100_object_at__tensorptrf32gmemalign16odiv576111i64div57600_tensorptr_2",3,0.459682,0.154241
"nvjet_sm103_tst_96x128_64x9_2x2_2cta_h_bz_NNN",16,0.446371,0.038880
"nvjet_sm103_tst_128x200_64x5_4x1_v_bz_TNT",10,0.445700,0.058272
"nvjet_sm103_tst_256x208_64x4_2x1_2cta_v_bz_NNT",7,0.436098,0.080993
"nvjet_sm103_tst_192x256_64x5_2x1_2cta_v_bz_TNT",12,0.429220,0.038816
"nvjet_sm103_tst_128x176_64x7_2x2_2cta_h_bz_TNT",10,0.427712,0.056224
"nvjet_sm103_tst_176x128_64x8_1x2_2cta_h_bz_TNN",18,0.426339,0.032352
"nvjet_sm103_tst_64x48_64x16_2x2_2cta_h_bz_TNT",10,0.421282,0.076737
"_row_id_map_pass_2_kernel",4,0.415844,0.107361
"nvjet_sm103_tst_48x64_64x15_4x1_v_bz_TNN",32,0.403042,0.019745
"nvjet_sm103_tst_128x32_64x10_2x1_2cta_v_bz_splitK_NTT",9,0.396739,0.046272
"nvjet_sm103_tst_128x96_64x9_2x2_2cta_h_bz_TNT",12,0.395267,0.047168
"void at::native::index_elementwise_kernel<128, 4, at::native::gpu_index_kernel<at::native::index_kernel_impl<at::native::OpaqueType<8> >(at::TensorIteratorBase&, c10::ArrayRef<long>, c10::ArrayRef<long>)::{lambda(char*, char const*, long)#1}>(at::TensorIteratorBase&, c10::ArrayRef<long>, c10::ArrayRef<long>, at::native::index_kernel_impl<at::native::OpaqueType<8> >(at::TensorIteratorBase&, c10::ArrayRef<long>, c10::ArrayRef<long>)::{lambda(char*, char const*, long)#1} const&, bool)::{lambda(int)#1}>(long, at::native::gpu_index_kernel<at::native::index_kernel_impl<at::native::OpaqueType<8> >(at::TensorIteratorBase&, c10::ArrayRef<long>, c10::ArrayRef<long>)::{lambda(char*, char const*, long)#1}>(at::TensorIteratorBase&, c10::ArrayRef<long>, c10::ArrayRef<long>, at::native::index_kernel_impl<at::native::OpaqueType<8> >(at::TensorIteratorBase&, c10::ArrayRef<long>, c10::ArrayRef<long>)::{lambda(char*, char const*, long)#1} const&, bool)::{lambda(int)#1})",111,0.393890,0.006720
"nvjet_sm103_tst_128x64_64x10_2x1_2cta_v_bz_TNT",24,0.391715,0.028736
"nvjet_sm103_tst_128x40_64x10_2x2_h_bz_splitK_TNT",16,0.386912,0.037472
"nvjet_sm103_tst_128x240_64x6_2x1_2cta_v_bz_TNT",16,0.375649,0.036000
"nvjet_sm103_tst_256x136_64x4_2x1_v_bz_TNT",4,0.375426,0.117217
"void at::native::unrolled_elementwise_kernel<at::native::direct_copy_kernel_cuda(at::TensorIteratorBase&)::{lambda()#3}::operator()() const::{lambda()#4}::operator()() const::{lambda(long)#1}, std::array<char*, 2ul>, 4, TrivialOffsetCalculator<1, unsigned int>, TrivialOffsetCalculator<1, unsigned int>, at::native::memory::LoadWithCast<1>, at::native::memory::StoreWithCast<1> >(int, at::native::direct_copy_kernel_cuda(at::TensorIteratorBase&)::{lambda()#3}::operator()() const::{lambda()#4}::operator()() const::{lambda(long)#1}, std::array<char*, 2ul>, TrivialOffsetCalculator<1, unsigned int>, TrivialOffsetCalculator<1, unsigned int>, at::native::memory::LoadWithCast<1>, at::native::memory::StoreWithCast<1>)",60,0.356420,0.092577
"nvjet_sm103_tst_192x144_64x6_2x2_2cta_h_bz_TNT",8,0.350051,0.051649
"void at::native::(anonymous namespace)::CatArrayBatchedCopy_vectorized<at::native::(anonymous namespace)::OpaqueType<2u>, unsigned int, 4, 128, 1, 16, 8>(char*, at::native::(anonymous namespace)::CatArrInputTensorMetadata<at::native::(anonymous namespace)::OpaqueType<2u>, unsigned int, 128, 1>, at::native::(anonymous namespace)::TensorSizeStride<unsigned int, 4u>, int, unsigned int)",20,0.347970,0.041728
"nvjet_sm103_tst_64x24_64x16_4x1_v_bz_TNT",30,0.343359,0.020736
"nvjet_sm103_tst_64x8_64x16_2x2_h_bz_splitK_NNT",24,0.341668,0.034048
"nvjet_sm103_tst_64x24_64x16_4x1_v_bz_NNT",15,0.341183,0.030592
"nvjet_sm103_tst_256x256_64x4_2x1_2cta_v_bz_NNT",4,0.332355,0.090145
"nvjet_sm103_tst_192x256_64x5_2x1_2cta_v_bz_NNT",9,0.321795,0.036608
"nvjet_sm103_tst_128x16_64x11_1x2_h_bz_NNT",12,0.317923,0.033632
"nvjet_sm103_tst_128x96_64x9_2x1_2cta_v_bz_NNT",9,0.315361,0.052864
"nvjet_sm103_tst_128x80_64x10_2x2_2cta_h_bz_NNT",13,0.312994,0.034977
"nvjet_sm103_tst_256x136_64x4_1x4_h_bz_TNT",6,0.309250,0.068545
"nvjet_sm103_tst_128x16_64x12_2x2_2cta_h_bz_TNT",24,0.308225,0.020128
"nvjet_sm103_tst_96x128_64x7_4x1_v_bz_TNN",8,0.297090,0.051008
"nvjet_sm103_tst_128x144_64x8_2x1_2cta_v_bz_NNT",8,0.295906,0.056833
"nvjet_sm103_tst_128x32_64x10_4x1_2cta_v_bz_NTT",3,0.286721,0.095904
"nvjet_sm103_tst_256x240_64x4_2x2_2cta_h_bz_TNT",2,0.284322,0.162753
"nvjet_sm103_tst_128x104_64x7_2x1_v_bz_TNT",16,0.283201,0.031071
"nvjet_sm103_tst_128x128_64x8_2x1_2cta_v_bz_TNT",12,0.282625,0.032320
"nvjet_sm103_tst_64x16_64x16_2x1_2cta_v_bz_splitK_TNT",4,0.277922,0.089953
"void at::native::elementwise_kernel<128, 2, at::native::gpu_kernel_impl_nocast<at::native::direct_copy_kernel_cuda(at::TensorIteratorBase&)::{lambda()#3}::operator()() const::{lambda()#4}::operator()() const::{lambda(long)#1}>(at::TensorIteratorBase&, at::native::direct_copy_kernel_cuda(at::TensorIteratorBase&)::{lambda()#3}::operator()() const::{lambda()#4}::operator()() const::{lambda(long)#1} const&)::{lambda(int)#1}>(int, at::native::gpu_kernel_impl_nocast<at::native::direct_copy_kernel_cuda(at::TensorIteratorBase&)::{lambda()#3}::operator()() const::{lambda()#4}::operator()() const::{lambda(long)#1}>(at::TensorIteratorBase&, at::native::direct_copy_kernel_cuda(at::TensorIteratorBase&)::{lambda()#3}::operator()() const::{lambda()#4}::operator()() const::{lambda(long)#1} const&)::{lambda(int)#1})",4,0.277059,0.069344
"nvjet_sm103_tst_128x224_64x7_2x1_2cta_v_bz_NNT",7,0.276929,0.053280
"nvjet_sm103_tst_128x192_64x7_2x2_2cta_h_bz_NNT",7,0.275876,0.057537
"nvjet_sm103_tst_128x72_64x8_2x1_v_bz_NNT",7,0.271298,0.061952
"void at::native::vectorized_elementwise_kernel<2, at::native::CUDAFunctor_add<long>, std::array<char*, 3ul> >(int, at::native::CUDAFunctor_add<long>, std::array<char*, 3ul>)",153,0.271081,0.002143
"void at::native::vectorized_elementwise_kernel<4, at::native::(anonymous namespace)::where_kernel_impl(at::TensorIterator&)::{lambda()#1}::operator()() const::{lambda()#7}::operator()() const::{lambda(bool, int, int)#1}, std::array<char*, 4ul> >(int, at::native::(anonymous namespace)::where_kernel_impl(at::TensorIterator&)::{lambda()#1}::operator()() const::{lambda()#7}::operator()() const::{lambda(bool, int, int)#1}, std::array<char*, 4ul>)",4,0.265697,0.066785
"nvjet_sm103_tst_128x160_64x8_2x2_2cta_h_bz_NNT",8,0.262243,0.043264
"nvjet_sm103_tst_128x32_64x11_2x2_2cta_h_bz_NNT",11,0.262081,0.037120
"nvjet_sm103_tst_64x72_64x12_4x1_v_bz_TNT",6,0.258913,0.073952
"nvjet_sm103_tst_192x176_64x6_2x2_2cta_h_bz_NNT",6,0.257633,0.054945
"nvjet_sm103_tst_64x64_64x16_2x2_2cta_h_bz_NNT",13,0.255168,0.037344
"nvjet_sm103_tst_128x48_64x11_2x1_2cta_v_bz_NNT",7,0.250273,0.065120
"nvjet_sm103_tst_128x72_64x8_1x4_h_bz_TNT",6,0.244673,0.050433
"void at::native::vectorized_elementwise_kernel<4, at::native::FillFunctor<unsigned char>, std::array<char*, 1ul> >(int, at::native::FillFunctor<unsigned char>, std::array<char*, 1ul>)",6,0.242179,0.078017
"ncclDevKernel_AllReduce_Sum_bf16_RING_LL(ncclDevKernelArgsStorage<4096ul>)",1,0.237185,0.237185
"nvjet_sm103_tst_128x104_64x7_2x1_v_bz_NNT",8,0.236865,0.044320
"nvjet_sm103_tst_128x72_64x8_2x1_v_bz_TNT",12,0.236419,0.043041
"nvjet_sm103_tst_128x104_64x7_1x4_h_bz_TNT",6,0.234211,0.083649
"void at::native::vectorized_elementwise_kernel<4, at::native::(anonymous namespace)::launch_clamp_scalar(at::TensorIteratorBase&, c10::Scalar, c10::Scalar, at::native::detail::ClampLimits)::{lambda()#1}::operator()() const::{lambda()#3}::operator()() const::{lambda(int)#1}, std::array<char*, 2ul> >(int, at::native::(anonymous namespace)::launch_clamp_scalar(at::TensorIteratorBase&, c10::Scalar, c10::Scalar, at::native::detail::ClampLimits)::{lambda()#1}::operator()() const::{lambda()#3}::operator()() const::{lambda(int)#1}, std::array<char*, 2ul>)",7,0.231683,0.039649
"nvjet_sm103_tst_32x128_64x10_1x4_2cta_h_bz_NTN",3,0.227810,0.076417
"nvjet_sm103_tst_64x40_64x16_2x2_h_bz_TNT",6,0.221281,0.061632
"nvjet_sm103_tst_128x232_64x4_4x1f_v_bz_TNT",2,0.219618,0.110049
"nvjet_sm103_tst_128x24_64x11_4x2_h_bz_NNT",10,0.214176,0.027296
"nvjet_sm103_tst_128x224_64x7_2x2_2cta_h_bz_TNT",6,0.213536,0.053504
"nvjet_sm103_tst_128x24_64x11_4x2_h_bz_TNT",16,0.194116,0.016097
"nvjet_sm103_tst_192x160_64x6_2x1_2cta_v_bz_TNT",2,0.193824,0.098528
"nvjet_sm103_tst_64x8_64x16_1x4_h_bz_NNT",12,0.191618,0.033729
"nvjet_sm103_tst_64x24_64x16_2x2_h_bz_splitK_NNT",12,0.188576,0.028544
"void at::native::elementwise_kernel<128, 2, at::native::gpu_kernel_impl_nocast<at::native::(anonymous namespace)::where_kernel_impl(at::TensorIterator&)::{lambda()#1}::operator()() const::{lambda()#8}::operator()() const::{lambda(bool, long, long)#1}>(at::TensorIteratorBase&, at::native::(anonymous namespace)::where_kernel_impl(at::TensorIterator&)::{lambda()#1}::operator()() const::{lambda()#8}::operator()() const::{lambda(bool, long, long)#1} const&)::{lambda(int)#1}>(int, at::native::gpu_kernel_impl_nocast<at::native::(anonymous namespace)::where_kernel_impl(at::TensorIterator&)::{lambda()#1}::operator()() const::{lambda()#8}::operator()() const::{lambda(bool, long, long)#1}>(at::TensorIteratorBase&, at::native::(anonymous namespace)::where_kernel_impl(at::TensorIterator&)::{lambda()#1}::operator()() const::{lambda()#8}::operator()() const::{lambda(bool, long, long)#1} const&)::{lambda(int)#1})",2,0.185698,0.093281
"nvjet_sm103_tst_128x240_64x6_2x1_2cta_v_bz_NNT",4,0.185537,0.056097
"nvjet_sm103_tst_64x32_64x16_2x2_2cta_h_bz_NNT",9,0.183938,0.030432
"nvjet_sm103_tst_32x128_64x10_1x2_2cta_h_bz_splitK_NTN",6,0.181665,0.031360
"nvjet_sm103_sss_tf32_128x256_32x6_2x1_2cta_v_bz_NNT",2,0.179616,0.090592
"void at::native::vectorized_elementwise_kernel<4, at::native::(anonymous namespace)::masked_fill_kernel(at::TensorIterator&, c10::Scalar const&)::{lambda()#1}::operator()() const::{lambda()#3}::operator()() const::{lambda(int, bool)#1}, std::array<char*, 3ul> >(int, at::native::(anonymous namespace)::masked_fill_kernel(at::TensorIterator&, c10::Scalar const&)::{lambda()#1}::operator()() const::{lambda()#3}::operator()() const::{lambda(int, bool)#1}, std::array<char*, 3ul>)",4,0.178498,0.045088
"nvjet_sm103_tst_128x136_64x6_2x1_v_bz_TNT",8,0.177955,0.032897
"nvjet_sm103_tst_64x16_64x16_2x2_2cta_h_bz_splitK_NNT",15,0.175332,0.015936
"nvjet_sm103_tss_128x256_64x6_2x2_2cta_h_bz_TNT",4,0.174403,0.045120
"nvjet_sm103_tst_128x144_64x8_2x1_2cta_v_bz_TNT",8,0.173025,0.033024
"nvjet_sm103_tst_64x256_64x8_2x2_2cta_h_bz_TNT",4,0.172193,0.043489
"void at::native::vectorized_elementwise_kernel<4, at::native::compare_scalar_kernel<int>(at::TensorIteratorBase&, at::native::(anonymous namespace)::OpType, int)::{lambda(int)#1}, std::array<char*, 2ul> >(int, at::native::compare_scalar_kernel<int>(at::TensorIteratorBase&, at::native::(anonymous namespace)::OpType, int)::{lambda(int)#1}, std::array<char*, 2ul>)",7,0.170177,0.029216
"nvjet_sm103_tst_64x64_64x16_2x2_2cta_h_bz_splitK_NNT",8,0.167362,0.037281
"nvjet_sm103_tst_128x120_64x6_1x4_h_bz_TNT",4,0.164864,0.056512
"nvjet_sm103_tst_192x112_64x6_2x2_2cta_h_bz_TNT",6,0.161953,0.059521
"nvjet_sm103_tst_128x112_64x9_2x2_2cta_h_bz_TNT",4,0.158400,0.059008
"_row_id_map_pass_1_kernel",4,0.157120,0.042624
"nvjet_sm103_sss_tf32_176x128_32x7_1x2_2cta_h_bz_splitK_NTN",2,0.156257,0.078177
"nvjet_sm103_tst_64x48_64x16_2x2_2cta_h_bz_NNT",9,0.156224,0.037952
"nvjet_sm103_tst_64x80_64x16_2x2_2cta_h_bz_TNT",6,0.153026,0.038048
"nvjet_sm103_tst_192x176_64x6_2x1_2cta_v_bz_NNT",2,0.151905,0.084097
"nvjet_sm103_tst_128x288_64x6_2x1_2cta_v_bz_NNT",4,0.149728,0.039008
"void multi_tensor_apply_kernel<TensorListMetadata<4, false>, transformer_engine::multi_tensor_adam::AdamFunctor<float, float, float, float, int>, float, float, float, float, float, float, transformer_engine::multi_tensor_adam::adamMode_t, float>(long, int volatile*, TensorListMetadata<4, false>, transformer_engine::multi_tensor_adam::AdamFunctor<float, float, float, float, int>, float, float, float, float, float, float, transformer_engine::multi_tensor_adam::adamMode_t, float)",2,0.149440,0.076096
"void transformer_engine::normalization::rmsnorm_fwd_tuned_kernel<transformer_engine::normalization::Kernel_traits<__nv_bfloat16, __nv_bfloat16, __nv_bfloat16, float, unsigned int, 2048u, 1u, 4u, 1u, 16u, transformer_engine::normalization::Kernel_traits_base<2048u, __nv_bfloat16, __nv_bfloat16, __nv_bfloat16, float, unsigned int, 128u> > >(transformer_engine::normalization::ForwardKernelParams)",6,0.146465,0.025568
"void at::native::vectorized_elementwise_kernel<2, at::native::BUnaryFunctor<long, long, long, at::native::binary_internal::div_floor_kernel_cuda(at::TensorIteratorBase&)::{lambda()#1}::operator()() const::{lambda()#4}::operator()() const::{lambda(long, long)#1}>, std::array<char*, 2ul> >(int, at::native::BUnaryFunctor<long, long, long, at::native::binary_internal::div_floor_kernel_cuda(at::TensorIteratorBase&)::{lambda()#1}::operator()() const::{lambda()#4}::operator()() const::{lambda(long, long)#1}>, std::array<char*, 2ul>)",58,0.142815,0.003296
"nvjet_sm103_tst_128x88_64x7_2x1_v_bz_NNT",5,0.141665,0.036033
"nvjet_sm103_tst_64x80_64x16_2x2_2cta_h_bz_NNT",8,0.141280,0.024191
"void at::native::reduce_kernel<512, 1, at::native::ReduceOp<long, at::native::func_wrapper_t<long, at::native::sum_functor<long, long, long>::operator()(at::TensorIterator&)::{lambda(long, long)#1}>, unsigned int, long, 4, 4> >(at::native::ReduceOp<long, at::native::func_wrapper_t<long, at::native::sum_functor<long, long, long>::operator()(at::TensorIterator&)::{lambda(long, long)#1}>, unsigned int, long, 4, 4>)",11,0.138657,0.054176
"nvjet_sm103_tst_256x112_64x5_2x1_2cta_v_bz_NNT",2,0.135169,0.074657
"nvjet_sm103_tst_192x128_64x6_2x2f_2cta_h_bz_TNT",2,0.135041,0.082145
"nvjet_sm103_tst_128x128_64x8_2x2_2cta_h_bz_NNT",5,0.131680,0.031456
"nvjet_sm103_tst_192x176_64x6_2x1_2cta_v_bz_TNT",4,0.128416,0.035648
"void at::native::vectorized_elementwise_kernel<4, at::native::BinaryFunctor<bool, bool, bool, at::native::BitwiseAndFunctor<bool> >, std::array<char*, 3ul> >(int, at::native::BinaryFunctor<bool, bool, bool, at::native::BitwiseAndFunctor<bool> >, std::array<char*, 3ul>)",6,0.128323,0.021696
"void at::native::vectorized_elementwise_kernel<2, at::native::AUnaryFunctor<long, long, long, at::native::binary_internal::MulFunctor<long> >, std::array<char*, 2ul> >(int, at::native::AUnaryFunctor<long, long, long, at::native::binary_internal::MulFunctor<long> >, std::array<char*, 2ul>)",78,0.127871,0.002112
"nvjet_sm103_tst_256x224_64x4_2x2_2cta_h_bz_NNT",2,0.126304,0.070368
"nvjet_sm103_tst_192x128_64x6_2x2_2cta_h_bz_NNT",4,0.125858,0.033504
"nvjet_sm103_tst_128x80_64x10_2x1_2cta_v_bz_TNT",6,0.124450,0.027872
"void at::native::bitonicSortKVInPlace<2, -1, 16, 16, float, long, at::native::GTOp<float, true>, unsigned int>(at::cuda::detail::TensorInfo<float, unsigned int>, unsigned int, unsigned int, unsigned int, at::cuda::detail::TensorInfo<long, unsigned int>, unsigned int, at::native::GTOp<float, true>)",8,0.124033,0.016928
"nvjet_sm103_tst_128x88_64x7_1x4_h_bz_NNT",4,0.122306,0.035297
"void at::native::_scatter_gather_elementwise_kernel<128, 8, at::native::_cuda_scatter_gather_internal_kernel<false, at::native::OpaqueType<8>, long>::operator()<at::native::TensorAssign>(at::TensorIterator&, long, long, long, at::native::TensorAssign const&)::{lambda(int)#1}>(int, at::native::_cuda_scatter_gather_internal_kernel<false, at::native::OpaqueType<8>, long>::operator()<at::native::TensorAssign>(at::TensorIterator&, long, long, long, at::native::TensorAssign const&)::{lambda(int)#1})",27,0.121090,0.004896
"void at::native::(anonymous namespace)::CatArrayBatchedCopy_vectorized<at::native::(anonymous namespace)::OpaqueType<4u>, unsigned int, 2, 128, 1, 16, 4>(char*, at::native::(anonymous namespace)::CatArrInputTensorMetadata<at::native::(anonymous namespace)::OpaqueType<4u>, unsigned int, 128, 1>, at::native::(anonymous namespace)::TensorSizeStride<unsigned int, 4u>, int, unsigned int)",4,0.120544,0.042176
"nvjet_sm103_tst_128x272_64x4_2x1_v_bz_TNT",4,0.119937,0.036864
"nvjet_sm103_tst_128x240_64x6_2x2_2cta_h_bz_TNT",2,0.119040,0.086784
"nvjet_sm103_tst_128x24_64x11_2x1_v_bz_splitK_NNT",8,0.118945,0.027520
"void at::native::reduce_kernel<128, 4, at::native::ReduceOp<long, at::native::func_wrapper_t<long, at::native::sum_functor<long, long, long>::operator()(at::TensorIterator&)::{lambda(long, long)#1}>, unsigned int, long, 4, 4> >(at::native::ReduceOp<long, at::native::func_wrapper_t<long, at::native::sum_functor<long, long, long>::operator()(at::TensorIterator&)::{lambda(long, long)#1}>, unsigned int, long, 4, 4>)",4,0.117440,0.031328
"nvjet_sm103_tst_128x176_64x7_2x1_2cta_v_bz_NNT",3,0.116449,0.053632
"nvjet_sm103_tst_128x64_64x10_2x2_2cta_h_bz_NNT",6,0.115905,0.025440
"void at::native::vectorized_elementwise_kernel<4, at::native::FillFunctor<int>, std::array<char*, 1ul> >(int, at::native::FillFunctor<int>, std::array<char*, 1ul>)",23,0.115493,0.019265
"void transformer_engine::normalization::rmsnorm_bwd_tuned_kernel<transformer_engine::normalization::Kernel_traits<__nv_bfloat16, __nv_bfloat16, __nv_bfloat16, float, unsigned int, 2048u, 1u, 1u, 4u, 16u, transformer_engine::normalization::Kernel_traits_base<2048u, __nv_bfloat16, __nv_bfloat16, __nv_bfloat16, float, unsigned int, 128u> >, false>(transformer_engine::normalization::BackwardKernelParams)",3,0.114913,0.038496
"nvjet_sm103_tst_96x128_64x9_2x2_2cta_h_bz_TNN",8,0.113313,0.018945
"nvjet_sm103_tst_32x192_64x7_1x4_2cta_h_bz_NTN",1,0.113313,0.113313
"nvjet_sm103_tst_128x72_64x8_1x4_h_bz_NNT",4,0.109281,0.046016
"void at::native::vectorized_elementwise_kernel<4, at::native::AUnaryFunctor<float, float, float, at::native::binary_internal::MulFunctor<float> >, std::array<char*, 2ul> >(int, at::native::AUnaryFunctor<float, float, float, at::native::binary_internal::MulFunctor<float> >, std::array<char*, 2ul>)",51,0.109118,0.002464
"nvjet_sm103_tst_128x96_64x9_2x1_2cta_v_bz_TNT",6,0.108224,0.030272
"nvjet_sm103_tst_192x240_64x5_2x1_2cta_v_bz_NNT",1,0.105441,0.105441
"void at_cuda_detail::cub::detail::select::DeviceSelectSweepKernel<at_cuda_detail::cub::detail::select::policy_hub<long, bool, int, false, (at_cuda_detail::cub::SelectImpl)0>::Policy1000, thrust::THRUST_300001_SM_750_800_860_900_1000_1200_NS::counting_iterator<long, thrust::THRUST_300001_SM_750_800_860_900_1000_1200_NS::use_default, thrust::THRUST_300001_SM_750_800_860_900_1000_1200_NS::use_default, thrust::THRUST_300001_SM_750_800_860_900_1000_1200_NS::use_default>, thrust::THRUST_300001_SM_750_800_860_900_1000_1200_NS::transform_iterator<at::native::(anonymous namespace)::NonZeroOp<bool>, bool const*, thrust::THRUST_300001_SM_750_800_860_900_1000_1200_NS::use_default, thrust::THRUST_300001_SM_750_800_860_900_1000_1200_NS::use_default>, long*, int*, at_cuda_detail::cub::ScanTileState<int, true>, at_cuda_detail::cub::NullType, at_cuda_detail::cub::NullType, int, at_cuda_detail::cub::detail::select::streaming_context_t<long, true>, (at_cuda_detail::cub::SelectImpl)0>(thrust::THRUST_300001_SM_750_800_860_900_1000_1200_NS::counting_iterator<long, thrust::THRUST_300001_SM_750_800_860_900_1000_1200_NS::use_default, thrust::THRUST_300001_SM_750_800_860_900_1000_1200_NS::use_default, thrust::THRUST_300001_SM_750_800_860_900_1000_1200_NS::use_default>, thrust::THRUST_300001_SM_750_800_860_900_1000_1200_NS::transform_iterator<at::native::(anonymous namespace)::NonZeroOp<bool>, bool const*, thrust::THRUST_300001_SM_750_800_860_900_1000_1200_NS::use_default, thrust::THRUST_300001_SM_750_800_860_900_1000_1200_NS::use_default>, long*, int*, at_cuda_detail::cub::ScanTileState<int, true>, at_cuda_detail::cub::NullType, at_cuda_detail::cub::NullType, int, int, at_cuda_detail::cub::detail::select::streaming_context_t<long, true>, at_cuda_detail::cub::detail::vsmem_t)",45,0.102973,0.002529
"nvjet_sm103_tst_128x272_64x4_2x1_v_bz_NNT",2,0.102498,0.053153
"nvjet_sm103_tst_128x256_64x6_2x2_2cta_h_bz_TNT",2,0.100353,0.057217
"void at::native::vectorized_elementwise_kernel<4, at::native::cos_kernel_cuda(at::TensorIteratorBase&)::{lambda()#2}::operator()() const::{lambda()#2}::operator()() const::{lambda(float)#1}, std::array<char*, 2ul> >(int, at::native::cos_kernel_cuda(at::TensorIteratorBase&)::{lambda()#2}::operator()() const::{lambda()#2}::operator()() const::{lambda(float)#1}, std::array<char*, 2ul>)",20,0.099936,0.005632
"nvjet_sm103_tst_128x56_64x9_2x1_v_bz_TNT",6,0.099297,0.023777
"nvjet_sm103_tst_128x48_64x11_2x1_2cta_v_bz_TNT",6,0.099073,0.029344
"nvjet_sm103_tst_64x112_64x14_2x2_2cta_h_bz_TNT",4,0.098305,0.032641
"nvjet_sm103_tst_128x208_64x7_2x2_2cta_h_bz_NNT",3,0.097793,0.035552
"void at_cuda_detail::cub::detail::scan::DeviceScanKernel<at_cuda_detail::cub::detail::scan::policy_hub<long, long, long, unsigned int, std::plus<long> >::Policy1000, long const*, long*, at_cuda_detail::cub::ScanTileState<long, true>, std::plus<long>, at_cuda_detail::cub::NullType, unsigned int, long, false, at_cuda_detail::cub::NullType>(long const*, long*, at_cuda_detail::cub::ScanTileState<long, true>, int, std::plus<long>, at_cuda_detail::cub::NullType, unsigned int)",48,0.096929,0.002496
"nvjet_sm103_tst_256x240_64x4_2x1_2cta_v_bz_NNT",1,0.095841,0.095841
"nvjet_sm103_tst_64x16_64x16_2x2_2cta_h_bz_NNT",6,0.095393,0.027488
"nvjet_sm103_tst_128x48_64x11_2x2_2cta_h_bz_TNT",2,0.094337,0.056545
"void at::native::vectorized_elementwise_kernel<4, at::native::sin_kernel_cuda(at::TensorIteratorBase&)::{lambda()#2}::operator()() const::{lambda()#2}::operator()() const::{lambda(float)#1}, std::array<char*, 2ul> >(int, at::native::sin_kernel_cuda(at::TensorIteratorBase&)::{lambda()#2}::operator()() const::{lambda()#2}::operator()() const::{lambda(float)#1}, std::array<char*, 2ul>)",20,0.094302,0.005216
"void (anonymous namespace)::elementwise_kernel_with_index<int, at::native::arange_cuda_out(c10::Scalar const&, c10::Scalar const&, c10::Scalar const&, at::Tensor&)::{lambda()#1}::operator()() const::{lambda()#4}::operator()() const::{lambda(long)#1}>(int, at::native::arange_cuda_out(c10::Scalar const&, c10::Scalar const&, c10::Scalar const&, at::Tensor&)::{lambda()#1}::operator()() const::{lambda()#4}::operator()() const::{lambda(long)#1}, function_traits<at::native::arange_cuda_out(c10::Scalar const&, c10::Scalar const&, c10::Scalar const&, at::Tensor&)::{lambda()#1}::operator()() const::{lambda()#4}::operator()() const::{lambda(long)#1}>::result_type*)",53,0.090110,0.002496
"void at::native::vectorized_elementwise_kernel<4, at::native::bitwise_not_kernel_cuda(at::TensorIteratorBase&)::{lambda(bool)#1}, std::array<char*, 2ul> >(int, at::native::bitwise_not_kernel_cuda(at::TensorIteratorBase&)::{lambda(bool)#1}, std::array<char*, 2ul>)",8,0.089474,0.018912
"nvjet_sm103_tst_64x32_64x16_2x1_2cta_v_bz_splitK_NTT",5,0.088865,0.018752
"nvjet_sm103_tst_128x136_64x6_2x1_v_bz_NNT",2,0.088576,0.056224
"nvjet_sm103_tst_64x32_64x16_2x2_2cta_h_bz_splitK_NNT",6,0.086496,0.026816
"nvjet_sm103_tst_192x288_64x5_2x1_2cta_v_bz_NNT",1,0.084449,0.084449
"nvjet_sm103_tst_192x288_64x5_2x1_2cta_v_bz_TNT",2,0.084320,0.042176
"nvjet_sm103_tst_128x168_64x5_4x1_v_bz_TNT",2,0.084001,0.042208
"void at::native::vectorized_elementwise_kernel<2, at::native::(anonymous namespace)::launch_clamp_scalar(at::TensorIteratorBase&, c10::Scalar, c10::Scalar, at::native::detail::ClampLimits)::{lambda()#1}::operator()() const::{lambda()#4}::operator()() const::{lambda(long)#1}, std::array<char*, 2ul> >(int, at::native::(anonymous namespace)::launch_clamp_scalar(at::TensorIteratorBase&, c10::Scalar, c10::Scalar, at::native::detail::ClampLimits)::{lambda()#1}::operator()() const::{lambda()#4}::operator()() const::{lambda(long)#1}, std::array<char*, 2ul>)",46,0.083969,0.002592
"void at_cuda_detail::cub::detail::reduce::DeviceReduceSingleTileKernel<at_cuda_detail::cub::detail::reduce::policy_hub<int, unsigned long long, cuda::std::__4::plus<void> >::Policy1000, thrust::THRUST_300001_SM_750_800_860_900_1000_1200_NS::transform_iterator<at::native::(anonymous namespace)::NonZeroOp<bool>, bool const*, thrust::THRUST_300001_SM_750_800_860_900_1000_1200_NS::use_default, thrust::THRUST_300001_SM_750_800_860_900_1000_1200_NS::use_default>, int*, unsigned long long, cuda::std::__4::plus<void>, int, int, cuda::std::__4::__identity>(thrust::THRUST_300001_SM_750_800_860_900_1000_1200_NS::transform_iterator<at::native::(anonymous namespace)::NonZeroOp<bool>, bool const*, thrust::THRUST_300001_SM_750_800_860_900_1000_1200_NS::use_default, thrust::THRUST_300001_SM_750_800_860_900_1000_1200_NS::use_default>, int*, unsigned long long, cuda::std::__4::plus<void>, int, cuda::std::__4::__identity)",45,0.081344,0.002113
"nvjet_sm103_tst_128x104_64x7_1x4_h_bz_NNT",3,0.080384,0.033568
"void at::native::unrolled_elementwise_kernel<at::native::direct_copy_kernel_cuda(at::TensorIteratorBase&)::{lambda()#3}::operator()() const::{lambda()#3}::operator()() const::{lambda(int)#1}, std::array<char*, 2ul>, 4, TrivialOffsetCalculator<1, unsigned int>, TrivialOffsetCalculator<1, unsigned int>, at::native::memory::LoadWithCast<1>, at::native::memory::StoreWithCast<1> >(int, at::native::direct_copy_kernel_cuda(at::TensorIteratorBase&)::{lambda()#3}::operator()() const::{lambda()#3}::operator()() const::{lambda(int)#1}, std::array<char*, 2ul>, TrivialOffsetCalculator<1, unsigned int>, TrivialOffsetCalculator<1, unsigned int>, at::native::memory::LoadWithCast<1>, at::native::memory::StoreWithCast<1>)",19,0.078273,0.011103
"nvjet_sm103_tst_64x48_64x16_2x1_2cta_v_bz_NNT",3,0.077055,0.039040
"nvjet_sm103_tst_128x120_64x6_2x1_v_bz_TNT",4,0.076355,0.027393
"nvjet_sm103_tst_256x32_64x6_2x1_2cta_v_bz_splitK_NTT",1,0.076097,0.076097
"nvjet_sm103_tst_128x224_64x7_2x2_2cta_h_bz_NNT",2,0.073568,0.037248
"nvjet_sm103_tst_256x120_64x4_1x4f_h_bz_NNT",1,0.073472,0.073472
"nvjet_sm103_tst_32x64_64x16_1x2_2cta_h_bz_splitK_NTN",5,0.070752,0.021792
"void compute_cuda_kernel<long>(long const*, long const*, long*, long, long)",18,0.069762,0.003905
"nvjet_sm103_tst_256x240_64x4_2x2_2cta_h_bz_NNT",1,0.069281,0.069281
"nvjet_sm103_tst_64x144_64x12_2x2_2cta_h_bz_NNT",4,0.068190,0.024000
"nvjet_sm103_tst_128x160_64x8_4x1f_2cta_v_bz_TNT",2,0.067873,0.038048
"nvjet_sm103_tst_192x112_64x6_2x2_2cta_h_bz_NNT",2,0.067328,0.039296
"nvjet_sm103_tst_128x112_64x9_2x2_2cta_h_bz_NNT",3,0.066977,0.032192
"void at_cuda_detail::cub::detail::scan::DeviceScanInitKernel<at_cuda_detail::cub::ScanTileState<long, true> >(at_cuda_detail::cub::ScanTileState<long, true>, int)",48,0.066755,0.001792
"nvjet_sm103_tst_128x136_64x6_4x1_v_bz_TNT",2,0.066272,0.033984
"void at_cuda_detail::cub::detail::scan::DeviceCompactInitKernel<at_cuda_detail::cub::ScanTileState<int, true>, int*>(at_cuda_detail::cub::ScanTileState<int, true>, int, int*)",45,0.064125,0.001665
"nvjet_sm103_tst_128x24_64x11_1x2_h_bz_NNT",2,0.063680,0.037664
"nvjet_sm103_tst_32x64_64x16_4x1_v_bz_splitK_NNN",3,0.062400,0.033824
"nvjet_sm103_tst_128x160_64x8_4x1f_2cta_v_bz_NNT",1,0.062272,0.062272
"nvjet_sm103_tst_64x48_64x16_2x2_2cta_h_bz_splitK_NNT",5,0.061698,0.025120
"void at_cuda_detail::cub::detail::radix_sort::DeviceRadixSortOnesweepKernel<at_cuda_detail::cub::detail::radix::policy_hub<long, at::cuda::cub::detail::OpaqueType<8>, unsigned long long>::Policy1000, (at_cuda_detail::cub::SortOrder)0, long, at::cuda::cub::detail::OpaqueType<8>, unsigned long long, int, int, at_cuda_detail::cub::detail::identity_decomposer_t>(int*, int*, unsigned long long*, unsigned long long const*, long*, long const*, at::cuda::cub::detail::OpaqueType<8>*, at::cuda::cub::detail::OpaqueType<8> const*, int, int, int, at_cuda_detail::cub::detail::identity_decomposer_t)",8,0.061632,0.009312
"nvjet_sm103_tst_192x176_64x6_2x2_2cta_h_bz_TNT",2,0.061408,0.034880
"nvjet_sm103_tst_128x112_64x9_2x1_2cta_v_bz_NNT",2,0.060097,0.031329
"nvjet_sm103_tst_64x72_64x12_4x1_v_bz_NNT",3,0.059776,0.024000
"void at::native::(anonymous namespace)::searchsorted_cuda_kernel<long, long>(long*, long const*, long const*, long const*, long, long, long, bool, bool)",26,0.058847,0.002496
"nvjet_sm103_tst_128x112_64x9_2x1_2cta_v_bz_TNT",4,0.057795,0.020128
"nvjet_sm103_tst_64x32_64x16_2x1_2cta_v_bz_NTT",4,0.057439,0.015360
"nvjet_sm103_tst_144x64_64x12_1x2_2cta_h_bz_TNN",6,0.057410,0.010369
"nvjet_sm103_tst_64x32_64x16_2x1_2cta_v_bz_splitK_TNT",2,0.056384,0.029440
"nvjet_sm103_tst_32x64_64x16_1x2_2cta_h_bz_splitK_TNN",4,0.056352,0.014880
"nvjet_sm103_tst_64x48_64x16_2x1_2cta_v_bz_splitK_TNT",2,0.055840,0.028256
"void at::native::vectorized_elementwise_kernel<2, at::native::CUDAFunctorOnSelf_add<long>, std::array<char*, 2ul> >(int, at::native::CUDAFunctorOnSelf_add<long>, std::array<char*, 2ul>)",32,0.055582,0.002112
"nvjet_sm103_tst_192x128_64x6_2x1_2cta_v_bz_NNT",4,0.051584,0.013408
"void transformer_engine::normalization::rmsnorm_bwd_finalize_general_kernel<__nv_bfloat16, float, 4u, 1u, 4u, 32u>(transformer_engine::normalization::BackwardKernelParams)",7,0.050753,0.007616
"nvjet_sm103_tst_128x56_64x9_1x4_h_bz_NNT",2,0.050465,0.028897
"nvjet_sm103_tst_128x136_64x6_4x1_v_bz_NNT",2,0.050208,0.027328
"void at::native::elementwise_kernel<128, 2, at::native::gpu_kernel_impl_nocast<at::native::CUDAFunctor_add<float> >(at::TensorIteratorBase&, at::native::CUDAFunctor_add<float> const&)::{lambda(int)#1}>(int, at::native::gpu_kernel_impl_nocast<at::native::CUDAFunctor_add<float> >(at::TensorIteratorBase&, at::native::CUDAFunctor_add<float> const&)::{lambda(int)#1})",6,0.049279,0.011936
"void at::native::unrolled_elementwise_kernel<at::native::CUDAFunctor_add<long>, std::array<char*, 3ul>, 4, TrivialOffsetCalculator<2, unsigned int>, TrivialOffsetCalculator<1, unsigned int>, at::native::memory::LoadWithoutCast, at::native::memory::StoreWithoutCast>(int, at::native::CUDAFunctor_add<long>, std::array<char*, 3ul>, TrivialOffsetCalculator<2, unsigned int>, TrivialOffsetCalculator<1, unsigned int>, at::native::memory::LoadWithoutCast, at::native::memory::StoreWithoutCast)",29,0.048543,0.002240
"nvjet_sm103_tst_96x64_64x10_4x1_v_bz_TNN",2,0.048512,0.025056
"nvjet_sm103_tst_64x40_64x16_1x4_h_bz_NNT",3,0.045825,0.018848
"void at::native::elementwise_kernel<128, 4, at::native::gpu_kernel_impl<at::native::direct_copy_kernel_cuda(at::TensorIteratorBase&)::{lambda()#3}::operator()() const::{lambda()#11}::operator()() const::{lambda(bool)#1}>(at::TensorIteratorBase&, at::native::direct_copy_kernel_cuda(at::TensorIteratorBase&)::{lambda()#3}::operator()() const::{lambda()#11}::operator()() const::{lambda(bool)#1} const&)::{lambda(int)#1}>(int, at::native::gpu_kernel_impl<at::native::direct_copy_kernel_cuda(at::TensorIteratorBase&)::{lambda()#3}::operator()() const::{lambda()#11}::operator()() const::{lambda(bool)#1}>(at::TensorIteratorBase&, at::native::direct_copy_kernel_cuda(at::TensorIteratorBase&)::{lambda()#3}::operator()() const::{lambda()#11}::operator()() const::{lambda(bool)#1} const&)::{lambda(int)#1})",4,0.045344,0.012576
"nvjet_sm103_tst_128x176_64x7_2x1_2cta_v_bz_TNT",2,0.043552,0.023424
"void at::native::unrolled_elementwise_kernel<at::native::direct_copy_kernel_cuda(at::TensorIteratorBase&)::{lambda()#3}::operator()() const::{lambda()#11}::operator()() const::{lambda(bool)#1}, std::array<char*, 2ul>, 4, TrivialOffsetCalculator<1, unsigned int>, TrivialOffsetCalculator<1, unsigned int>, at::native::memory::LoadWithCast<1>, at::native::memory::StoreWithCast<1> >(int, at::native::direct_copy_kernel_cuda(at::TensorIteratorBase&)::{lambda()#3}::operator()() const::{lambda()#11}::operator()() const::{lambda(bool)#1}, std::array<char*, 2ul>, TrivialOffsetCalculator<1, unsigned int>, TrivialOffsetCalculator<1, unsigned int>, at::native::memory::LoadWithCast<1>, at::native::memory::StoreWithCast<1>)",4,0.043135,0.011648
"void at::native::reduce_kernel<512, 1, at::native::ReduceOp<float, at::native::func_wrapper_t<float, at::native::sum_functor<float, float, float>::operator()(at::TensorIterator&)::{lambda(float, float)#1}>, unsigned int, float, 4, 4> >(at::native::ReduceOp<float, at::native::func_wrapper_t<float, at::native::sum_functor<float, float, float>::operator()(at::TensorIterator&)::{lambda(float, float)#1}>, unsigned int, float, 4, 4>)",15,0.042849,0.003168
"nvjet_sm103_tst_64x112_64x14_2x2_2cta_h_bz_NNT",2,0.042560,0.021888
"void at::native::vectorized_elementwise_kernel<8, at::native::BinaryFunctor<c10::BFloat16, c10::BFloat16, c10::BFloat16, at::native::binary_internal::MulFunctor<float> >, std::array<char*, 3ul> >(int, at::native::BinaryFunctor<c10::BFloat16, c10::BFloat16, c10::BFloat16, at::native::binary_internal::MulFunctor<float> >, std::array<char*, 3ul>)",20,0.042112,0.002272
"nvjet_sm103_tst_128x64_64x8_1x4_h_bz_NNT",2,0.040801,0.022784
"void at::native::_scatter_gather_elementwise_kernel<128, 8, at::native::_cuda_scatter_fill_internal_kernel<at::native::OpaqueType<4>, long>::operator()<at::native::TensorAssign>(at::TensorIterator&, at::native::OpaqueType<4>, long, long, long, at::native::TensorAssign const&)::{lambda(int)#1}>(int, at::native::_cuda_scatter_fill_internal_kernel<at::native::OpaqueType<4>, long>::operator()<at::native::TensorAssign>(at::TensorIterator&, at::native::OpaqueType<4>, long, long, long, at::native::TensorAssign const&)::{lambda(int)#1})",8,0.040161,0.006144
"void at::native::vectorized_elementwise_kernel<2, at::native::(anonymous namespace)::where_kernel_impl(at::TensorIterator&)::{lambda()#1}::operator()() const::{lambda()#8}::operator()() const::{lambda(bool, long, long)#1}, std::array<char*, 4ul> >(int, at::native::(anonymous namespace)::where_kernel_impl(at::TensorIterator&)::{lambda()#1}::operator()() const::{lambda()#8}::operator()() const::{lambda(bool, long, long)#1}, std::array<char*, 4ul>)",20,0.040066,0.002273
"nvjet_sm103_tst_64x40_64x16_2x2_h_bz_splitK_NNT",3,0.038143,0.020256
"kernel_cutlass_sum_dSink_cudnndeepseek_sparse_attentionsparse_attention_backwarddsa_bwd_sm100FlashAttentionDSABackwardSm100_object_at__tensorptrf32gmemalign16odiv811div640_tensorptrf32gme_3",3,0.037985,0.012832
"nvjet_sm103_tst_128x176_64x7_2x2_2cta_h_bz_NNT",1,0.037248,0.037248
"void at::native::index_elementwise_kernel<128, 4, at::native::gpu_index_kernel<at::native::index_put_kernel_impl<at::native::OpaqueType<4> >(at::TensorIterator&, c10::ArrayRef<long>, c10::ArrayRef<long>)::{lambda(char*, char const*, long)#1}>(at::TensorIteratorBase&, c10::ArrayRef<long>, c10::ArrayRef<long>, at::native::index_put_kernel_impl<at::native::OpaqueType<4> >(at::TensorIterator&, c10::ArrayRef<long>, c10::ArrayRef<long>)::{lambda(char*, char const*, long)#1} const&, bool)::{lambda(int)#1}>(long, at::native::gpu_index_kernel<at::native::index_put_kernel_impl<at::native::OpaqueType<4> >(at::TensorIterator&, c10::ArrayRef<long>, c10::ArrayRef<long>)::{lambda(char*, char const*, long)#1}>(at::TensorIteratorBase&, c10::ArrayRef<long>, c10::ArrayRef<long>, at::native::index_put_kernel_impl<at::native::OpaqueType<4> >(at::TensorIterator&, c10::ArrayRef<long>, c10::ArrayRef<long>)::{lambda(char*, char const*, long)#1} const&, bool)::{lambda(int)#1})",8,0.037217,0.007136
"void at::native::vectorized_elementwise_kernel<2, at::native::FillFunctor<long>, std::array<char*, 1ul> >(int, at::native::FillFunctor<long>, std::array<char*, 1ul>)",26,0.036896,0.001696
"void transformer_engine::normalization::rmsnorm_fwd_tuned_kernel<transformer_engine::normalization::Kernel_traits<__nv_bfloat16, __nv_bfloat16, __nv_bfloat16, float, unsigned int, 512u, 1u, 4u, 1u, 16u, transformer_engine::normalization::Kernel_traits_base<512u, __nv_bfloat16, __nv_bfloat16, __nv_bfloat16, float, unsigned int, 128u> > >(transformer_engine::normalization::ForwardKernelParams)",6,0.036544,0.006688
"void at::native::vectorized_elementwise_kernel<4, at::native::(anonymous namespace)::CompareFunctor<long>, std::array<char*, 3ul> >(int, at::native::(anonymous namespace)::CompareFunctor<long>, std::array<char*, 3ul>)",20,0.035197,0.002112
"void at::native::(anonymous namespace)::CatArrayBatchedCopy_alignedK_contig<at::native::(anonymous namespace)::OpaqueType<8u>, unsigned int, 2, 128, 1, 16>(at::native::(anonymous namespace)::OpaqueType<8u>*, at::native::(anonymous namespace)::CatArrInputTensorMetadata<at::native::(anonymous namespace)::OpaqueType<8u>, unsigned int, 128, 1>, at::native::(anonymous namespace)::TensorSizeStride<unsigned int, 4u>, int, unsigned int)",18,0.032996,0.001920
"void at::native::vectorized_elementwise_kernel<4, at::native::compare_scalar_kernel<long>(at::TensorIteratorBase&, at::native::(anonymous namespace)::OpType, long)::{lambda(long)#1}, std::array<char*, 2ul> >(int, at::native::compare_scalar_kernel<long>(at::TensorIteratorBase&, at::native::(anonymous namespace)::OpType, long)::{lambda(long)#1}, std::array<char*, 2ul>)",18,0.032449,0.002273
"void at::native::vectorized_elementwise_kernel<4, at::native::neg_kernel_cuda(at::TensorIteratorBase&)::{lambda()#2}::operator()() const::{lambda()#7}::operator()() const::{lambda(float)#1}, std::array<char*, 2ul> >(int, at::native::neg_kernel_cuda(at::TensorIteratorBase&)::{lambda()#2}::operator()() const::{lambda()#7}::operator()() const::{lambda(float)#1}, std::array<char*, 2ul>)",18,0.031138,0.002592
"void at::native::_scatter_gather_elementwise_kernel<128, 8, at::native::_cuda_scatter_gather_internal_kernel<false, at::native::OpaqueType<8>, int>::operator()<at::native::TensorAssign>(at::TensorIterator&, long, long, long, at::native::TensorAssign const&)::{lambda(int)#1}>(int, at::native::_cuda_scatter_gather_internal_kernel<false, at::native::OpaqueType<8>, int>::operator()<at::native::TensorAssign>(at::TensorIterator&, long, long, long, at::native::TensorAssign const&)::{lambda(int)#1})",4,0.028543,0.008352
"nvjet_sm103_tst_128x144_64x8_2x2_2cta_h_bz_NNT",1,0.028512,0.028512
"void transformer_engine::normalization::rmsnorm_bwd_tuned_kernel<transformer_engine::normalization::Kernel_traits<__nv_bfloat16, __nv_bfloat16, __nv_bfloat16, float, unsigned int, 512u, 1u, 4u, 1u, 16u, transformer_engine::normalization::Kernel_traits_base<512u, __nv_bfloat16, __nv_bfloat16, __nv_bfloat16, float, unsigned int, 128u> >, false>(transformer_engine::normalization::BackwardKernelParams)",3,0.028447,0.009568
"nvjet_sm103_tst_128x24_64x11_1x4_h_bz_NNT",1,0.027616,0.027616
"void at::native::elementwise_kernel<128, 2, at::native::gpu_kernel_impl_nocast<at::native::BinaryFunctor<float, float, float, at::native::binary_internal::DivFunctor<float> > >(at::TensorIteratorBase&, at::native::BinaryFunctor<float, float, float, at::native::binary_internal::DivFunctor<float> > const&)::{lambda(int)#1}>(int, at::native::gpu_kernel_impl_nocast<at::native::BinaryFunctor<float, float, float, at::native::binary_internal::DivFunctor<float> > >(at::TensorIteratorBase&, at::native::BinaryFunctor<float, float, float, at::native::binary_internal::DivFunctor<float> > const&)::{lambda(int)#1})",10,0.025473,0.003137
"nvjet_sm103_tst_128x120_64x6_1x4_h_bz_NNT",1,0.024576,0.024576
"void at::native::_scatter_gather_elementwise_kernel<128, 8, at::native::_cuda_scatter_gather_internal_kernel<true, at::native::OpaqueType<4>, long>::operator()<at::native::TensorAssign>(at::TensorIterator&, long, long, long, at::native::TensorAssign const&)::{lambda(int)#1}>(int, at::native::_cuda_scatter_gather_internal_kernel<true, at::native::OpaqueType<4>, long>::operator()<at::native::TensorAssign>(at::TensorIterator&, long, long, long, at::native::TensorAssign const&)::{lambda(int)#1})",4,0.024544,0.007584
"nvjet_sm103_tst_64x64_64x16_2x1_2cta_v_bz_NNT",2,0.023999,0.012448
"void transformer_engine::normalization::ln_fwd_general_kernel<transformer_engine::normalization::Kernel_traits<__nv_bfloat16, __nv_bfloat16, __nv_bfloat16, float, unsigned int, 128u, 1u, 4u, 1u, 8u, transformer_engine::normalization::Kernel_traits_base<128u, __nv_bfloat16, __nv_bfloat16, __nv_bfloat16, float, unsigned int, 128u> > >(transformer_engine::normalization::ForwardKernelParams)",4,0.023935,0.006400
"nvjet_sm103_tst_64x32_64x16_2x1_2cta_v_bz_NNT",1,0.023584,0.023584
"nvjet_sm103_tst_64x32_64x16_1x2_h_bz_splitK_NTT",3,0.022976,0.008096
"nvjet_sm103_tst_64x48_64x16_4x1_2cta_v_bz_NNT",1,0.022176,0.022176
"void at::native::vectorized_elementwise_kernel<4, at::native::sigmoid_kernel_cuda(at::TensorIteratorBase&)::{lambda()#2}::operator()() const::{lambda()#2}::operator()() const::{lambda(float)#1}, std::array<char*, 2ul> >(int, at::native::sigmoid_kernel_cuda(at::TensorIteratorBase&)::{lambda()#2}::operator()() const::{lambda()#2}::operator()() const::{lambda(float)#1}, std::array<char*, 2ul>)",4,0.022143,0.006144
"transformer_engine::context_parallel::thd_partition_indices_kernel(int*, int*, int, int, int, int)",12,0.021824,0.002016
"nvjet_sm103_tst_64x32_64x16_4x1_2cta_v_bz_TNT",2,0.020960,0.012896
"void at::native::vectorized_elementwise_kernel<4, at::native::BinaryFunctor<float, float, float, at::native::binary_internal::MulFunctor<float> >, std::array<char*, 3ul> >(int, at::native::BinaryFunctor<float, float, float, at::native::binary_internal::MulFunctor<float> >, std::array<char*, 3ul>)",10,0.018016,0.002432
"void at::native::vectorized_elementwise_kernel<4, at::native::(anonymous namespace)::masked_fill_kernel(at::TensorIterator&, c10::Scalar const&)::{lambda()#1}::operator()() const::{lambda()#7}::operator()() const::{lambda(float, bool)#1}, std::array<char*, 3ul> >(int, at::native::(anonymous namespace)::masked_fill_kernel(at::TensorIterator&, c10::Scalar const&)::{lambda()#1}::operator()() const::{lambda()#7}::operator()() const::{lambda(float, bool)#1}, std::array<char*, 3ul>)",4,0.017826,0.004865
"void multi_tensor_apply_kernel<TensorListMetadata<1, false>, transformer_engine::multi_tensor_l2norm::L2NormFunctor<float>, float*, float*, bool, int>(long, int volatile*, TensorListMetadata<1, false>, transformer_engine::multi_tensor_l2norm::L2NormFunctor<float>, float*, float*, bool, int)",1,0.017408,0.017408
"void cublasLt::splitKreduce_kernel<32, 16, int, float, float, float, float, false, float, float, float, true, false, false, false>(cublasLt::cublasSplitKParams<float>, float const*, float const*, float*, float*, float const*, float const*, float const*, float const*, float*, void*, long, float*, int*, float*, float*, float const*, float const*, float const*, float const*, float const*)",2,0.017249,0.008737
"void compute_cuda_kernel<int>(int const*, long const*, int*, long, long)",1,0.015616,0.015616
"void at::native::_scatter_gather_elementwise_kernel<128, 8, at::native::_cuda_scatter_gather_internal_kernel<true, float, long>::operator()<at::native::ReduceAdd>(at::TensorIterator&, long, long, long, at::native::ReduceAdd const&)::{lambda(int)#1}>(int, at::native::_cuda_scatter_gather_internal_kernel<true, float, long>::operator()<at::native::ReduceAdd>(at::TensorIterator&, long, long, long, at::native::ReduceAdd const&)::{lambda(int)#1})",2,0.014048,0.007040
"void multi_tensor_apply_kernel<TensorListMetadata<2, false>, transformer_engine::multi_tensor_scale::ScalePtrFunctor<float, float>, float*>(long, int volatile*, TensorListMetadata<2, false>, transformer_engine::multi_tensor_scale::ScalePtrFunctor<float, float>, float*)",1,0.013088,0.013088
"void at::native::vectorized_elementwise_kernel<4, at::native::sigmoid_backward_kernel_cuda(at::TensorIteratorBase&)::{lambda()#2}::operator()() const::{lambda()#2}::operator()() const::{lambda(float, float)#1}, std::array<char*, 3ul> >(int, at::native::sigmoid_backward_kernel_cuda(at::TensorIteratorBase&)::{lambda()#2}::operator()() const::{lambda()#2}::operator()() const::{lambda(float, float)#1}, std::array<char*, 3ul>)",2,0.013088,0.006560
"void transformer_engine::normalization::rmsnorm_bwd_finalize_tuned_kernel<transformer_engine::normalization::Kernel_traits_finalize<2048u, __nv_bfloat16, __nv_bfloat16, __nv_bfloat16, float, unsigned int, 1024u, 4u, transformer_engine::normalization::Kernel_traits_base<2048u, __nv_bfloat16, __nv_bfloat16, __nv_bfloat16, float, unsigned int, 1024u> > >(transformer_engine::normalization::BackwardKernelParams)",3,0.012512,0.004288
"void transformer_engine::normalization::rmsnorm_bwd_finalize_tuned_kernel<transformer_engine::normalization::Kernel_traits_finalize<512u, __nv_bfloat16, __nv_bfloat16, __nv_bfloat16, float, unsigned int, 1024u, 4u, transformer_engine::normalization::Kernel_traits_base<512u, __nv_bfloat16, __nv_bfloat16, __nv_bfloat16, float, unsigned int, 1024u> > >(transformer_engine::normalization::BackwardKernelParams)",3,0.011743,0.004063
"void at::native::elementwise_kernel<128, 2, at::native::gpu_kernel_impl_nocast<at::native::BinaryFunctor<float, float, float, at::native::binary_internal::MulFunctor<float> > >(at::TensorIteratorBase&, at::native::BinaryFunctor<float, float, float, at::native::binary_internal::MulFunctor<float> > const&)::{lambda(int)#1}>(int, at::native::gpu_kernel_impl_nocast<at::native::BinaryFunctor<float, float, float, at::native::binary_internal::MulFunctor<float> > >(at::TensorIteratorBase&, at::native::BinaryFunctor<float, float, float, at::native::binary_internal::MulFunctor<float> > const&)::{lambda(int)#1})",4,0.010497,0.002912
"void at::native::vectorized_elementwise_kernel<4, at::native::CUDAFunctorOnSelf_add<float>, std::array<char*, 2ul> >(int, at::native::CUDAFunctorOnSelf_add<float>, std::array<char*, 2ul>)",5,0.009344,0.002240
"void at::native::_scatter_gather_elementwise_kernel<128, 8, at::native::_cuda_scatter_gather_internal_kernel<false, at::native::OpaqueType<1>, int>::operator()<at::native::TensorAssign>(at::TensorIterator&, long, long, long, at::native::TensorAssign const&)::{lambda(int)#1}>(int, at::native::_cuda_scatter_gather_internal_kernel<false, at::native::OpaqueType<1>, int>::operator()<at::native::TensorAssign>(at::TensorIterator&, long, long, long, at::native::TensorAssign const&)::{lambda(int)#1})",1,0.006880,0.006880
"void at::native::vectorized_elementwise_kernel<4, at::native::BUnaryFunctor<float, float, float, at::native::binary_internal::MulFunctor<float> >, std::array<char*, 2ul> >(int, at::native::BUnaryFunctor<float, float, float, at::native::binary_internal::MulFunctor<float> >, std::array<char*, 2ul>)",4,0.006816,0.001920
"void (anonymous namespace)::elementwise_kernel_with_index<int, at::native::arange_cuda_out(c10::Scalar const&, c10::Scalar const&, c10::Scalar const&, at::Tensor&)::{lambda()#1}::operator()() const::{lambda()#3}::operator()() const::{lambda(long)#1}>(int, at::native::arange_cuda_out(c10::Scalar const&, c10::Scalar const&, c10::Scalar const&, at::Tensor&)::{lambda()#1}::operator()() const::{lambda()#3}::operator()() const::{lambda(long)#1}, function_traits<at::native::arange_cuda_out(c10::Scalar const&, c10::Scalar const&, c10::Scalar const&, at::Tensor&)::{lambda()#1}::operator()() const::{lambda()#3}::operator()() const::{lambda(long)#1}>::result_type*)",4,0.006559,0.001951
"void at::native::vectorized_elementwise_kernel<4, at::native::AUnaryFunctor<long, long, bool, at::native::(anonymous namespace)::CompareEqFunctor<long> >, std::array<char*, 2ul> >(int, at::native::AUnaryFunctor<long, long, bool, at::native::(anonymous namespace)::CompareEqFunctor<long> >, std::array<char*, 2ul>)",2,0.004224,0.002784
"void at_cuda_detail::cub::detail::radix_sort::DeviceRadixSortHistogramKernel<at_cuda_detail::cub::detail::radix::policy_hub<long, at::cuda::cub::detail::OpaqueType<8>, unsigned long long>::Policy1000, (at_cuda_detail::cub::SortOrder)0, long, unsigned long long, at_cuda_detail::cub::detail::identity_decomposer_t>(unsigned long long*, long const*, unsigned long long, int, int, at_cuda_detail::cub::detail::identity_decomposer_t)",1,0.003744,0.003744
"void at::native::(anonymous namespace)::CatArrayBatchedCopy_alignedK_contig<at::native::(anonymous namespace)::OpaqueType<4u>, unsigned int, 1, 128, 1, 16>(at::native::(anonymous namespace)::OpaqueType<4u>*, at::native::(anonymous namespace)::CatArrInputTensorMetadata<at::native::(anonymous namespace)::OpaqueType<4u>, unsigned int, 128, 1>, at::native::(anonymous namespace)::TensorSizeStride<unsigned int, 4u>, int, unsigned int)",2,0.003072,0.001537
"void at::native::reduce_kernel<512, 1, at::native::ReduceOp<bool, at::native::func_wrapper_t<bool, at::native::and_kernel_cuda(at::TensorIterator&)::{lambda()#1}::operator()() const::{lambda()#12}::operator()() const::{lambda(bool, bool)#1}>, unsigned int, bool, 4, 4> >(at::native::ReduceOp<bool, at::native::func_wrapper_t<bool, at::native::and_kernel_cuda(at::TensorIterator&)::{lambda()#1}::operator()() const::{lambda()#12}::operator()() const::{lambda(bool, bool)#1}>, unsigned int, bool, 4, 4>)",1,0.002560,0.002560
"void at::native::vectorized_elementwise_kernel<4, at::native::sqrt_kernel_cuda(at::TensorIteratorBase&)::{lambda()#2}::operator()() const::{lambda()#2}::operator()() const::{lambda(float)#1}, std::array<char*, 2ul> >(int, at::native::sqrt_kernel_cuda(at::TensorIteratorBase&)::{lambda()#2}::operator()() const::{lambda()#2}::operator()() const::{lambda(float)#1}, std::array<char*, 2ul>)",1,0.002367,0.002367
"void at::native::vectorized_elementwise_kernel<4, at::native::reciprocal_kernel_cuda(at::TensorIteratorBase&)::{lambda()#1}::operator()() const::{lambda()#2}::operator()() const::{lambda(float)#1}, std::array<char*, 2ul> >(int, at::native::reciprocal_kernel_cuda(at::TensorIteratorBase&)::{lambda()#1}::operator()() const::{lambda()#2}::operator()() const::{lambda(float)#1}, std::array<char*, 2ul>)",1,0.002176,0.002176
"void at_cuda_detail::cub::detail::radix_sort::DeviceRadixSortExclusiveSumKernel<at_cuda_detail::cub::detail::radix::policy_hub<long, at::cuda::cub::detail::OpaqueType<8>, unsigned long long>::Policy1000, unsigned long long>(unsigned long long*)",1,0.001920,0.001920
"void at::native::vectorized_elementwise_kernel<4, at::native::CUDAFunctorOnSelf_add<int>, std::array<char*, 2ul> >(int, at::native::CUDAFunctorOnSelf_add<int>, std::array<char*, 2ul>)",1,0.001856,0.001856
"void at::native::(anonymous namespace)::CatArrayBatchedCopy_vectorized<at::native::(anonymous namespace)::OpaqueType<8u>, unsigned int, 1, 128, 1, 16, 2>(char*, at::native::(anonymous namespace)::CatArrInputTensorMetadata<at::native::(anonymous namespace)::OpaqueType<8u>, unsigned int, 128, 1>, at::native::(anonymous namespace)::TensorSizeStride<unsigned int, 4u>, int, unsigned int)",1,0.001856,0.001856
"void at::native::vectorized_elementwise_kernel<4, at::native::(anonymous namespace)::pow_tensor_scalar_kernel_impl<float, float>(at::TensorIteratorBase&, float)::{lambda(float)#1}, std::array<char*, 2ul> >(int, at::native::(anonymous namespace)::pow_tensor_scalar_kernel_impl<float, float>(at::TensorIteratorBase&, float)::{lambda(float)#1}, std::array<char*, 2ul>)",1,0.001792,0.001792
"void at::native::vectorized_elementwise_kernel<4, at::native::(anonymous namespace)::launch_clamp_scalar(at::TensorIteratorBase&, c10::Scalar, c10::Scalar, at::native::detail::ClampLimits)::{lambda()#1}::operator()() const::{lambda()#7}::operator()() const::{lambda(float)#1}, std::array<char*, 2ul> >(int, at::native::(anonymous namespace)::launch_clamp_scalar(at::TensorIteratorBase&, c10::Scalar, c10::Scalar, at::native::detail::ClampLimits)::{lambda()#1}::operator()() const::{lambda()#7}::operator()() const::{lambda(float)#1}, std::array<char*, 2ul>)",1,0.001760,0.001760
"at::native::(anonymous namespace)::fill_reverse_indices_kernel(long*, int, at::cuda::detail::IntDivider<unsigned int>)",1,0.001760,0.001760
"void at::native::(anonymous namespace)::CatArrayBatchedCopy_alignedK_contig<at::native::(anonymous namespace)::OpaqueType<8u>, unsigned int, 1, 128, 1, 16>(at::native::(anonymous namespace)::OpaqueType<8u>*, at::native::(anonymous namespace)::CatArrInputTensorMetadata<at::native::(anonymous namespace)::OpaqueType<8u>, unsigned int, 128, 1>, at::native::(anonymous namespace)::TensorSizeStride<unsigned int, 4u>, int, unsigned int)",1,0.001696,0.001696
"void at::native::unrolled_elementwise_kernel<at::native::CUDAFunctor_add<int>, std::array<char*, 3ul>, 4, TrivialOffsetCalculator<2, unsigned int>, TrivialOffsetCalculator<1, unsigned int>, at::native::memory::LoadWithoutCast, at::native::memory::StoreWithoutCast>(int, at::native::CUDAFunctor_add<int>, std::array<char*, 3ul>, TrivialOffsetCalculator<2, unsigned int>, TrivialOffsetCalculator<1, unsigned int>, at::native::memory::LoadWithoutCast, at::native::memory::StoreWithoutCast)",1,0.001600,0.001600
"transformer_engine::multi_tensor_l2norm::cleanup(float*, float*, float*, float*, bool, int)",1,0.001567,0.001567
