k,mean_ms,max_ms,max_over_mean,heaviest_gpu,gpu0_ms,gpu1_ms,gpu2_ms,gpu3_ms,gpu4_ms,gpu5_ms,gpu6_ms,gpu7_ms
0,109.406,136.387,1.247,0,136.387,129.433,124.607,123.149,89.589,86.105,92.992,92.983
1,122.165,126.161,1.033,0,126.161,125.275,123.962,120.173,122.182,122.17,119.123,118.272
2,93.581,97.377,1.041,6,90.286,91.33,93.163,94.992,94.525,91.364,97.377,95.61
3,31.189,33.676,1.08,0,33.676,32.649,31.908,33.437,31.785,32.16,23.868,30.025
4,24.283,24.634,1.014,5,24.362,24.235,24.059,24.193,24.055,24.634,24.215,24.515
5,24.09,24.296,1.009,7,24.079,23.999,23.853,24.268,24.102,24.066,24.054,24.296
6,87.692,96.305,1.098,7,84.472,84.354,84.568,87.196,84.898,87.619,92.121,96.305
7,23.926,24.2,1.011,1,23.553,24.2,23.975,23.936,23.943,23.792,24.122,23.886
8,26.597,30.071,1.131,6,25.823,26.3,25.915,26.548,26.006,26.092,30.071,26.024
9,24.913,26.952,1.082,4,24.739,24.527,24.335,24.737,26.952,24.37,25.152,24.495
10,90.782,97.051,1.069,7,87.085,87.108,87.5,87.944,93.135,91.014,95.421,97.051
11,24.227,24.631,1.017,3,23.787,24.078,24.385,24.631,24.05,24.328,24.462,24.095
12,25.248,27.01,1.07,4,24.559,24.839,24.849,25.943,27.01,24.992,24.953,24.838
13,25.481,27.422,1.076,6,24.621,25.687,25.838,25.092,25.08,24.898,27.422,25.213
14,87.149,97.463,1.118,6,82.975,83.191,83.398,83.459,87.91,85.676,97.463,93.123
15,24.344,24.905,1.023,2,23.736,24.58,24.905,24.48,24.882,24.044,24.09,24.032
16,25.507,27.392,1.074,2,24.725,25.078,27.392,25.084,25.924,24.938,25.889,25.024
17,25.235,26.909,1.066,4,24.52,24.872,24.95,25.315,26.909,24.868,25.279,25.164
18,89.744,95.692,1.066,4,85.964,86.356,86.422,86.537,95.692,89.363,94.545,93.077
19,25.928,28.839,1.112,4,25.095,25.486,25.394,26.212,28.839,25.445,25.551,25.402
20,24.184,24.487,1.013,0,24.487,24.144,24.342,24.121,24.232,23.953,24.167,24.029
21,25.72,27.947,1.087,7,25.437,25.675,25.151,25.221,25.786,25.276,25.267,27.947
22,87.712,92.74,1.057,6,87.09,85.135,85.381,85.33,85.821,88.185,92.74,92.012
23,24.727,25.999,1.051,6,24.16,24.49,24.44,24.744,24.446,25.002,25.999,24.533
24,24.937,26.561,1.065,6,23.993,26.188,24.297,24.397,25.293,24.365,26.561,24.404
25,24.985,25.782,1.032,6,24.299,25.305,25.299,24.634,24.989,24.723,25.782,24.848
26,89.405,97.71,1.093,6,84.181,89.552,87.217,87.636,84.701,93.383,97.71,90.859
27,25.158,26.699,1.061,1,24.921,26.699,24.893,24.993,24.895,24.806,24.871,25.184
28,24.698,25.048,1.014,1,24.782,25.048,24.408,25.009,24.338,24.799,24.808,24.394
29,24.517,25.054,1.022,3,24.78,24.861,24.175,25.054,24.237,24.474,24.346,24.206
30,87.314,96.386,1.104,6,83.715,83.725,83.917,89.909,84.07,86.331,96.386,90.455
31,24.224,24.753,1.022,1,23.806,24.753,24.48,24.425,24.065,23.963,24.212,24.085
32,24.467,25.052,1.024,3,24.068,24.417,24.429,25.052,24.387,24.636,24.481,24.269
33,24.658,25.707,1.043,0,25.707,24.148,24.709,24.602,24.571,24.897,24.169,24.461
34,87.115,93.705,1.076,6,85.416,85.954,84.684,84.522,84.641,87.357,93.705,90.639
35,24.136,24.689,1.023,5,24.228,24.154,23.792,23.946,24.001,24.689,24.315,23.967
36,24.442,25.007,1.023,6,24.007,24.869,24.207,24.298,24.258,24.661,25.007,24.232
37,24.644,25.394,1.03,5,24.157,24.529,24.62,24.547,24.492,25.394,25.01,24.406
38,88.999,93.077,1.046,6,85.846,92.479,87.727,86.028,86.182,88.356,93.077,92.296
39,25.313,26.78,1.058,4,24.586,24.927,25.654,25.185,26.78,24.911,25.582,24.875
40,24.626,24.965,1.014,0,24.965,24.552,24.875,24.486,24.679,24.355,24.536,24.562
41,24.54,25.528,1.04,4,24.34,24.741,24.152,24.455,25.528,24.579,24.31,24.213
42,88.579,94.308,1.065,7,84.196,89.615,85.001,85.118,90.21,87.741,92.441,94.308
43,26.703,29.884,1.119,6,25.798,26.179,25.991,26.016,26.117,26.04,29.884,27.603
44,24.317,24.796,1.02,3,23.838,24.205,24.129,24.796,24.143,24.112,24.673,24.636
45,25.089,26.23,1.045,7,25.376,24.586,25.013,24.615,25.342,24.805,24.741,26.23
46,88.622,92.798,1.047,6,85.209,89.329,85.408,85.854,89.83,87.772,92.798,92.776
47,24.956,26.042,1.044,1,24.398,26.042,24.893,24.729,25.038,24.535,24.621,25.389
48,25.469,27.121,1.065,3,25.083,25.69,25.034,27.121,25.073,24.992,25.8,24.96
49,25.651,27.623,1.077,1,24.825,27.623,25.055,26.94,25.087,24.976,25.424,25.282
50,87.88,92.396,1.051,6,85.052,89.907,85.46,85.491,85.506,87.838,92.396,91.392
51,24.972,26.055,1.043,0,26.055,24.619,25.644,24.64,25.191,24.465,24.602,24.56
52,25.324,26.71,1.055,2,25.002,25.002,26.71,24.978,25.441,24.825,25.754,24.882
53,25.506,27.37,1.073,4,25.352,25.126,25.339,25.182,27.37,25.064,25.546,25.073
54,90.838,97.849,1.077,4,87.014,87.918,88.885,87.366,97.849,89.808,94.38,93.484
55,26.296,29.615,1.126,6,25.588,25.956,25.782,25.824,25.882,25.846,29.615,25.876
56,24.798,25.279,1.019,6,24.382,24.71,24.785,24.646,24.629,24.846,25.279,25.11
57,25.85,27.987,1.083,7,25.578,25.437,25.229,26.087,25.233,25.45,25.798,27.987
58,89.408,95.872,1.072,7,86.09,87.039,88.935,87.447,87.032,89.135,93.718,95.872
59,25.568,27.421,1.072,1,24.865,27.421,26.008,25.219,25.107,24.999,25.112,25.814
60,24.284,25.78,1.062,2,23.648,24.274,25.78,24.347,24.314,23.988,23.981,23.942
61,25.177,26.498,1.052,6,24.59,25.004,25.574,24.766,24.882,24.854,26.498,25.245
62,88.412,93.574,1.058,6,87.31,89.31,85.075,85.005,88.16,87.328,93.574,91.536
63,25.308,27.021,1.068,1,24.688,27.021,24.954,24.964,24.955,25.716,24.918,25.247
64,25.042,25.775,1.029,1,24.585,25.775,24.847,25.003,24.77,25.551,25.041,24.761
65,24.623,25.31,1.028,3,24.526,25.082,24.295,25.31,24.277,24.817,24.38,24.295
66,90.684,95.536,1.054,6,83.939,93.692,88.25,90.058,88.411,91.091,95.536,94.493
67,26.742,29.729,1.112,1,25.724,29.729,25.98,26.034,25.89,25.963,28.757,25.854
68,25.253,26.095,1.033,6,24.894,26.046,24.916,25.155,25.151,24.914,26.095,24.852
69,24.157,24.577,1.017,5,24.074,24.184,23.951,24.137,24.068,24.577,24.352,23.914
70,87.321,91.518,1.048,6,84.453,84.206,84.399,88.55,87.909,86.957,91.518,90.577
71,24.07,24.58,1.021,6,23.717,24.088,23.996,24.306,23.963,23.938,24.58,23.973
72,25.133,26.926,1.071,1,24.501,26.926,24.963,25.508,24.708,24.931,24.844,24.685
73,24.453,25.797,1.055,0,25.797,24.517,24.02,24.356,24.521,23.943,24.021,24.447
74,89.857,95.46,1.062,6,87.539,88.331,88.038,87.02,87.161,92.358,95.46,92.952
75,24.61,25.446,1.034,6,24.55,24.47,24.374,24.506,24.559,24.436,25.446,24.537
76,24.614,26.037,1.058,6,24.027,24.425,24.319,25.186,24.383,24.277,26.037,24.256
77,25.518,27.322,1.071,6,24.748,25.03,24.93,26.326,25.172,25.255,27.322,25.358
78,26.426,27.081,1.025,5,26.83,25.94,26.833,26.035,25.8,27.081,26.278,26.613
79,23.982,24.073,1.004,3,23.795,23.904,23.983,24.073,24.055,23.972,24.046,24.031
80,23.745,23.814,1.003,4,23.484,23.777,23.786,23.788,23.814,23.741,23.786,23.789
81,26.781,26.916,1.005,3,26.509,26.916,26.719,26.916,26.897,26.868,26.719,26.707
82,23.734,23.815,1.003,1,23.561,23.815,23.78,23.767,23.764,23.755,23.701,23.727
83,23.614,23.697,1.004,1,23.452,23.697,23.675,23.652,23.597,23.555,23.644,23.641
84,23.749,23.827,1.003,6,23.461,23.826,23.753,23.781,23.81,23.791,23.827,23.741
85,26.678,26.769,1.003,1,26.53,26.769,26.607,26.723,26.704,26.65,26.732,26.711
86,23.83,23.913,1.003,3,23.625,23.871,23.783,23.913,23.907,23.847,23.867,23.83
87,23.658,23.716,1.002,1,23.473,23.716,23.667,23.703,23.638,23.644,23.711,23.714
88,23.904,24.029,1.005,1,23.57,24.029,23.999,24.027,23.938,23.786,23.929,23.95
89,26.906,27.04,1.005,1,26.825,27.04,26.885,26.837,26.794,26.976,26.965,26.926
90,23.871,23.957,1.004,4,23.712,23.895,23.834,23.904,23.957,23.938,23.82,23.911
91,23.982,24.057,1.003,4,23.773,23.968,23.986,24.025,24.057,23.979,24.04,24.026
92,23.725,23.815,1.004,1,23.469,23.815,23.802,23.805,23.736,23.731,23.752,23.688
93,26.828,26.943,1.004,1,26.725,26.943,26.76,26.83,26.925,26.849,26.813,26.784
94,23.778,23.904,1.005,4,23.589,23.816,23.778,23.862,23.904,23.608,23.838,23.826
95,23.691,23.776,1.004,1,23.473,23.776,23.698,23.771,23.682,23.717,23.743,23.663
96,23.836,23.917,1.003,4,23.623,23.886,23.85,23.852,23.917,23.84,23.86,23.863
97,26.608,26.725,1.004,6,26.421,26.629,26.533,26.599,26.642,26.642,26.725,26.674
98,23.84,23.931,1.004,3,23.627,23.898,23.814,23.931,23.889,23.869,23.876,23.815
99,23.854,23.919,1.003,1,23.641,23.919,23.837,23.914,23.917,23.84,23.897,23.869
100,23.851,23.956,1.004,1,23.665,23.956,23.861,23.848,23.907,23.878,23.905,23.788
101,26.659,26.814,1.006,1,26.554,26.814,26.553,26.694,26.581,26.64,26.796,26.638
102,24.113,24.263,1.006,1,23.965,24.263,24.176,24.153,24.151,24.147,23.839,24.207
103,23.82,23.896,1.003,6,23.596,23.884,23.831,23.89,23.804,23.829,23.896,23.834
104,23.752,23.821,1.003,1,23.506,23.821,23.778,23.802,23.798,23.776,23.8,23.735
105,26.873,27.027,1.006,3,26.711,26.974,26.878,27.027,26.938,26.796,26.845,26.813
106,23.741,23.834,1.004,6,23.521,23.819,23.693,23.798,23.721,23.77,23.834,23.773
107,23.986,24.052,1.003,3,23.833,23.871,24.002,24.052,24.046,24.01,24.051,24.027
108,23.875,23.934,1.002,6,23.68,23.93,23.908,23.792,23.907,23.932,23.934,23.92
109,26.819,26.898,1.003,2,26.736,26.733,26.898,26.865,26.892,26.863,26.86,26.702
110,23.914,23.997,1.003,6,23.696,23.977,23.876,23.978,23.978,23.93,23.997,23.876
111,23.917,24.015,1.004,1,23.744,24.015,23.958,23.903,23.856,23.928,23.957,23.979
112,23.908,24.067,1.007,1,23.575,24.067,23.908,23.956,23.941,23.82,23.999,23.995
113,26.945,27.064,1.004,1,26.762,27.064,26.93,26.964,26.987,26.958,26.968,26.93
114,23.984,24.111,1.005,3,23.718,24.006,23.943,24.111,23.995,23.995,23.993,24.111
115,24.116,24.228,1.005,7,23.863,24.176,24.058,24.21,24.105,24.099,24.184,24.228
116,23.919,24.074,1.007,6,23.723,23.976,23.914,24.013,23.84,23.84,24.074,23.969
117,26.827,26.951,1.005,7,26.583,26.875,26.777,26.901,26.849,26.813,26.868,26.951
118,23.874,24.022,1.006,1,23.667,24.022,23.797,23.944,23.828,23.9,23.934,23.902
119,24.029,24.125,1.004,6,23.78,24.106,24.014,24.088,24.062,24.034,24.125,24.022
120,23.789,23.888,1.004,1,23.596,23.888,23.81,23.784,23.836,23.779,23.856,23.763
121,26.827,26.898,1.003,1,26.716,26.898,26.79,26.89,26.818,26.88,26.784,26.842
122,23.805,23.913,1.005,1,23.519,23.913,23.839,23.886,23.837,23.845,23.765,23.84
123,23.984,24.062,1.003,2,23.814,24.035,24.062,24.044,24.034,24.018,23.843,24.024
124,23.782,23.854,1.003,1,23.552,23.854,23.792,23.84,23.804,23.79,23.809,23.817
125,27.62,27.968,1.013,1,26.958,27.968,27.9,27.866,27.92,27.714,26.771,27.865
126,23.856,23.916,1.003,4,23.662,23.906,23.761,23.912,23.916,23.895,23.901,23.893
127,23.916,23.987,1.003,4,23.685,23.979,23.929,23.943,23.987,23.959,23.941,23.905
128,23.864,23.97,1.004,4,23.608,23.906,23.872,23.882,23.97,23.872,23.92,23.883
129,27.685,27.922,1.009,1,27.694,27.922,27.75,27.866,27.8,27.78,26.905,27.765
130,23.985,24.058,1.003,1,23.759,24.058,23.984,24.036,24.041,24.052,24.054,23.9
131,24.221,24.3,1.003,6,23.947,24.248,24.148,24.272,24.284,24.284,24.3,24.288
132,24.055,24.198,1.006,7,23.847,23.999,24.017,24.093,24.141,23.975,24.173,24.198
133,27.03,27.183,1.006,7,26.848,26.982,27.03,27.069,27.018,27.11,26.998,27.183
134,23.799,23.858,1.002,1,23.619,23.858,23.822,23.803,23.823,23.809,23.814,23.845
135,23.763,23.845,1.003,1,23.528,23.845,23.79,23.798,23.791,23.79,23.831,23.732
136,23.805,23.888,1.004,1,23.585,23.888,23.821,23.844,23.789,23.866,23.88,23.766
137,26.78,26.914,1.005,1,26.437,26.914,26.7,26.835,26.907,26.856,26.863,26.733
138,23.815,23.901,1.004,6,23.607,23.868,23.832,23.859,23.713,23.864,23.901,23.879
139,23.844,23.908,1.003,3,23.642,23.872,23.848,23.908,23.804,23.88,23.901,23.893
140,23.84,23.918,1.003,1,23.624,23.918,23.829,23.879,23.839,23.878,23.886,23.864
141,26.83,26.957,1.005,5,26.562,26.803,26.875,26.923,26.865,26.957,26.926,26.729
142,23.822,23.9,1.003,6,23.551,23.879,23.773,23.892,23.85,23.866,23.9,23.861
143,24.004,24.1,1.004,7,23.795,24.058,24.042,24.067,23.979,24.024,23.969,24.1
144,23.969,24.103,1.006,7,23.724,23.986,23.94,24.024,23.989,23.988,23.996,24.103
145,26.876,26.996,1.004,7,26.733,26.973,26.77,26.918,26.843,26.817,26.962,26.996
146,23.913,24.004,1.004,7,23.711,23.989,23.832,23.931,23.944,23.967,23.923,24.004
147,23.973,24.05,1.003,4,23.74,23.983,23.953,24.029,24.05,24.033,24.038,23.955
148,24.084,24.186,1.004,6,23.831,24.15,24.093,24.127,23.98,24.163,24.186,24.145
149,27.191,27.33,1.005,6,26.952,27.304,27.167,27.211,27.24,27.178,27.33,27.148
150,23.781,23.871,1.004,1,23.573,23.871,23.804,23.762,23.816,23.807,23.789,23.828
151,23.893,23.957,1.003,6,23.663,23.945,23.924,23.93,23.929,23.929,23.957,23.871
152,23.963,24.051,1.004,3,23.685,23.958,23.983,24.051,24.041,24.014,24.007,23.969
153,26.902,27.031,1.005,3,26.626,26.917,26.896,27.031,26.861,26.986,26.969,26.933
154,26.871,26.975,1.004,6,26.633,26.94,26.74,26.922,26.884,26.918,26.975,26.957
155,27.013,27.108,1.003,6,26.887,27.022,26.87,27.04,27.07,27.02,27.108,27.088
