layer,gpu,start_ns,wall_ms
layer:1,0,1718242424,56.81
layer:1,0,28898552321,103.801
layer:1,1,1733779968,43.264
layer:1,1,28899044549,101.867
layer:1,2,1736060828,42.24
layer:1,2,28898279196,102.109
layer:1,3,1732283505,46.829
layer:1,3,28898938422,101.562
layer:1,4,1735373086,43.229
layer:1,4,28898509590,101.829
layer:1,5,1734892580,45.084
layer:1,5,28897786483,102.635
layer:1,6,1735741761,42.623
layer:1,6,28898087485,102.691
layer:1,7,1734677145,43.18
layer:1,7,28898253199,102.575
layer:2,0,1775231416,114.779
layer:2,0,28744929411,106.699
layer:2,1,1777219587,115.708
layer:2,1,28745793975,104.837
layer:2,2,1778474761,115.113
layer:2,2,28744707521,105.788
layer:2,3,1779303291,114.483
layer:2,3,28745465465,105.361
layer:2,4,1778776855,115.579
layer:2,4,28745127627,105.192
layer:2,5,1780157740,115.189
layer:2,5,28744461438,105.902
layer:2,6,1778533839,114.735
layer:2,6,28744916912,105.297
layer:2,7,1778041558,115.296
layer:2,7,28744673442,105.839
layer:3,0,1890172944,144.257
layer:3,0,28603013929,95.492
layer:3,1,1893082021,144.296
layer:3,1,28600365375,98.204
layer:3,2,1893741226,144.677
layer:3,2,28600569684,97.403
layer:3,3,1893950299,144.376
layer:3,3,28600477377,97.845
layer:3,4,1894520182,144.113
layer:3,4,28600131520,97.301
layer:3,5,1895510739,143.601
layer:3,5,28600376720,97.245
layer:3,6,1893438255,143.717
layer:3,6,28600052514,97.616
layer:3,7,1893504042,144.863
layer:3,7,28601468134,96.535
layer:4,0,2034587091,140.268
layer:4,0,28387848401,118.6
layer:4,1,2037532587,134.692
layer:4,1,28388327822,117.111
layer:4,2,2038588225,134.947
layer:4,2,28388359450,118.012
layer:4,3,2038470187,135.263
layer:4,3,28388432064,118.342
layer:4,4,2038779720,134.601
layer:4,4,28388222800,117.095
layer:4,5,2039293600,134.204
layer:4,5,28388025920,117.501
layer:4,6,2037340479,136.777
layer:4,6,28388183364,118.322
layer:4,7,2038514803,135.712
layer:4,7,28388019218,118.152
layer:5,0,2175015968,78.405
layer:5,0,28194319690,118.839
layer:5,1,2172396578,81.228
layer:5,1,28193520505,118.324
layer:5,2,2173708057,81.007
layer:5,2,28193563629,118.794
layer:5,3,2173906643,80.568
layer:5,3,28193981172,118.546
layer:5,4,2173543705,80.04
layer:5,4,28193419240,118.882
layer:5,5,2173667361,80.606
layer:5,5,28193432515,118.447
layer:5,6,2174285326,79.407
layer:5,6,28193381501,118.855
layer:5,7,2174384489,79.757
layer:5,7,28193805564,119.184
layer:6,0,2253576625,73.009
layer:6,0,27958404105,124.207
layer:6,1,2253780313,73.278
layer:6,1,27959249359,121.604
layer:6,2,2254884234,72.104
layer:6,2,27959203720,122.308
layer:6,3,2254639192,72.574
layer:6,3,27959367090,121.986
layer:6,4,2253747885,75.985
layer:6,4,27959061336,122.169
layer:6,5,2254439219,75.667
layer:6,5,27959103091,121.779
layer:6,6,2253850776,73.199
layer:6,6,27959095861,121.533
layer:6,7,2254305464,73.148
layer:6,7,27959206161,121.93
layer:7,0,2326739922,161.97
layer:7,0,27755970883,123.71
layer:7,1,2327212209,165.256
layer:7,1,27756929769,123.866
layer:7,2,2327151800,163.212
layer:7,2,27756886073,123.848
layer:7,3,2327372562,162.824
layer:7,3,27756785721,124.662
layer:7,4,2329899263,160.002
layer:7,4,27756817189,124.087
layer:7,5,2330278334,159.656
layer:7,5,27756944004,123.917
layer:7,6,2327223604,165.439
layer:7,6,27756846983,123.502
layer:7,7,2327604093,164.259
layer:7,7,27756757045,123.995
layer:8,0,2488864829,74.301
layer:8,0,27531352671,116.308
layer:8,1,2492614583,71.118
layer:8,1,27532122217,115.808
layer:8,2,2490516663,73.032
layer:8,2,27532212012,116.298
layer:8,3,2490370296,73.893
layer:8,3,27532229149,116.4
layer:8,4,2490065988,73.659
layer:8,4,27532126417,115.723
layer:8,5,2490099878,73.896
layer:8,5,27532067979,116.087
layer:8,6,2492822919,71.3
layer:8,6,27531999996,116.562
layer:8,7,2492017696,71.914
layer:8,7,27532155193,116.226
layer:9,0,2563318100,93.529
layer:9,0,27310692585,121.085
layer:9,1,2563880243,88.244
layer:9,1,27311846975,120.598
layer:9,2,2563696512,87.873
layer:9,2,27311622233,121.51
layer:9,3,2564431128,87.765
layer:9,3,27311865002,120.873
layer:9,4,2563898438,87.729
layer:9,4,27311434088,120.712
layer:9,5,2564166311,87.155
layer:9,5,27311755844,120.628
layer:9,6,2564301536,87.266
layer:9,6,27311378972,120.993
layer:9,7,2564075759,88.384
layer:9,7,27311689236,121.52
layer:10,0,2656988834,78.326
layer:10,0,27113285959,113.473
layer:10,1,2652287878,82.191
layer:10,1,27113882974,113.627
layer:10,2,2651719884,83.457
layer:10,2,27113967692,114.111
layer:10,3,2652345797,83.46
layer:10,3,27109948344,117.911
layer:10,4,2651785080,83.935
layer:10,4,27109722409,117.489
layer:10,5,2651482489,83.466
layer:10,5,27109849688,117.622
layer:10,6,2651733682,83.658
layer:10,6,27109690995,117.939
layer:10,7,2652605888,83.393
layer:10,7,27114273126,113.812
layer:11,0,2735455462,146.223
layer:11,0,26893674247,124.104
layer:11,1,2734622043,147.728
layer:11,1,26894407816,124.163
layer:11,2,2735334276,146.466
layer:11,2,26894449374,124.542
layer:11,3,2735952039,146.62
layer:11,3,26894675812,124.178
layer:11,4,2735877741,146.813
layer:11,4,26894257268,123.887
layer:11,5,2735097723,147.781
layer:11,5,26894363906,124.168
layer:11,6,2735546773,147.217
layer:11,6,26894250868,124.255
layer:11,7,2736148723,145.947
layer:11,7,26894299996,124.693
layer:12,0,2881821734,79.611
layer:12,0,26683849557,122.263
layer:12,1,2882489894,79.085
layer:12,1,26682599522,114.664
layer:12,2,2881944060,79.285
layer:12,2,26684770968,112.764
layer:12,3,2882714133,79.786
layer:12,3,26684817042,112.821
layer:12,4,2882848370,79.226
layer:12,4,26684368071,112.93
layer:12,5,2883028433,78.805
layer:12,5,26685345032,112.401
layer:12,6,2882911604,78.799
layer:12,6,26682858852,114.501
layer:12,7,2882258308,84.909
layer:12,7,26683917664,113.828
layer:13,0,2961571986,81.642
layer:13,0,26442892731,115.894
layer:13,1,2961716337,82.589
layer:13,1,26443676658,117.729
layer:13,2,2961376101,82.931
layer:13,2,26443751106,115.025
layer:13,3,2962642958,80.994
layer:13,3,26443731128,114.613
layer:13,4,2962258474,80.975
layer:13,4,26443623933,115.326
layer:13,5,2961978316,81.8
layer:13,5,26443807584,116.748
layer:13,6,2961859230,81.723
layer:13,6,26443558523,117.145
layer:13,7,2967315555,78.285
layer:13,7,26443701067,114.73
layer:14,0,3043351318,92.116
layer:14,0,26224736476,115.142
layer:14,1,3044445768,91.118
layer:14,1,26225859746,114.625
layer:14,2,3044450640,93.469
layer:14,2,26225569380,115.209
layer:14,3,3043778289,92.71
layer:14,3,26225537100,115.109
layer:14,4,3043378877,92.664
layer:14,4,26225317529,115.188
layer:14,5,3043935210,92.139
layer:14,5,26225435287,115.598
layer:14,6,3043723774,92.086
layer:14,6,26225394726,115.128
layer:14,7,3045738125,107.054
layer:14,7,26225464149,115.173
layer:15,0,3135603991,153.516
layer:15,0,26013753853,119.802
layer:15,1,3135703959,154.554
layer:15,1,26014539621,120.041
layer:15,2,3138064944,152.265
layer:15,2,26014686076,119.606
layer:15,3,3136638184,154.315
layer:15,3,26014619138,119.838
layer:15,4,3136201382,153.784
layer:15,4,26014500429,119.392
layer:15,5,3136224511,154.051
layer:15,5,26014412845,120.174
layer:15,6,3135949945,154.057
layer:15,6,26014370227,119.389
layer:15,7,3152932861,137.359
layer:15,7,26014557311,119.895
layer:16,0,3289265704,80.989
layer:16,0,25787937916,114.863
layer:16,1,3290396717,80.854
layer:16,1,25788592554,115.052
layer:16,2,3290480852,80.333
layer:16,2,25788819526,114.648
layer:16,3,3291091502,79.121
layer:16,3,25788789890,114.485
layer:16,4,3290143941,80.446
layer:16,4,25788611902,114.421
layer:16,5,3290428627,79.745
layer:16,5,25788638491,114.757
layer:16,6,3290164532,80.866
layer:16,6,25788503862,114.504
layer:16,7,3290436728,80.563
layer:16,7,25788589311,115.195
layer:17,0,3370393139,88.353
layer:17,0,25563832843,116.867
layer:17,1,3371390343,88.133
layer:17,1,25564253857,117.215
layer:17,2,3370955150,88.955
layer:17,2,25564270107,117.299
layer:17,3,3370365105,102.784
layer:17,3,25564521175,117.084
layer:17,4,3370744980,88.508
layer:17,4,25564364321,116.968
layer:17,5,3370342299,88.144
layer:17,5,25564330445,117.368
layer:17,6,3371184835,88.742
layer:17,6,25564070387,117.14
layer:17,7,3371143156,87.602
layer:17,7,25564346692,117.113
layer:18,0,3458890064,86.532
layer:18,0,25316795424,120.737
layer:18,1,3459655005,86.955
layer:18,1,25317481857,120.736
layer:18,2,3460057721,86.241
layer:18,2,25317520272,120.765
layer:18,3,3473318468,72.936
layer:18,3,25319237647,119.424
layer:18,4,3459411564,86.433
layer:18,4,25317479430,120.45
layer:18,5,3458638112,88.592
layer:18,5,25317590699,120.928
layer:18,6,3460082759,85.473
layer:18,6,25317298411,120.582
layer:18,7,3458875521,86.824
layer:18,7,25317556500,120.748
layer:19,0,3545559450,168.946
layer:19,0,25080476379,117.726
layer:19,1,3546749288,162.434
layer:19,1,25081228321,117.196
layer:19,2,3546446506,163.784
layer:19,2,25081174525,117.576
layer:19,3,3546391117,163.883
layer:19,3,25081217034,117.592
layer:19,4,3545996772,163.543
layer:19,4,25081018134,117.427
layer:19,5,3547390189,162.943
layer:19,5,25081126989,117.556
layer:19,6,3545720801,163.614
layer:19,6,25080856734,117.367
layer:19,7,3545835517,178.096
layer:19,7,25081181129,117.388
layer:20,0,3714644874,83.214
layer:20,0,24867705065,114.406
layer:20,1,3709332445,89.417
layer:20,1,24868501115,113.87
layer:20,2,3710376407,88.137
layer:20,2,24868595586,114.246
layer:20,3,3710414163,89.241
layer:20,3,24868822664,113.753
layer:20,4,3709695048,89.035
layer:20,4,24868496924,114.021
layer:20,5,3710486275,88.847
layer:20,5,24868508538,114.037
layer:20,6,3709484719,89.843
layer:20,6,24868278876,114.068
layer:20,7,3724069938,74.688
layer:20,7,24868614119,114.04
layer:21,0,3797998991,91.178
layer:21,0,24629265262,114.44
layer:21,1,3798886512,108.143
layer:21,1,24630839255,113.335
layer:21,2,3798652674,88.229
layer:21,2,24629824034,114.566
layer:21,3,3799790996,87.051
layer:21,3,24630068696,114.301
layer:21,4,3798881464,87.713
layer:21,4,24629710851,114.928
layer:21,5,3799482358,88.051
layer:21,5,24629883132,114.512
layer:21,6,3799478799,87.455
layer:21,6,24629824962,114.482
layer:21,7,3798900692,87.877
layer:21,7,24630018554,114.145
layer:22,0,3889352283,94.753
layer:22,0,24401282412,115.725
layer:22,1,3907167969,75.245
layer:22,1,24402079234,115.377
layer:22,2,3887032709,95.438
layer:22,2,24402059900,115.778
layer:22,3,3886979637,95.462
layer:22,3,24402098825,115.56
layer:22,4,3886746801,95.597
layer:22,4,24401858297,115.568
layer:22,5,3887678620,94.05
layer:22,5,24402009287,115.81
layer:22,6,3887080487,96.479
layer:22,6,24401778290,115.524
layer:22,7,3886919231,95.536
layer:22,7,24402004992,115.778
layer:23,0,3984248465,156.564
layer:23,0,24159376477,123.05
layer:23,1,3982545635,159.506
layer:23,1,24160166635,122.689
layer:23,2,3982620278,158.323
layer:23,2,24159879106,123.107
layer:23,3,3982578371,158.425
layer:23,3,24160204460,122.859
layer:23,4,3982508923,159.156
layer:23,4,24159868999,122.719
layer:23,5,3981878993,159.447
layer:23,5,24159979053,123.063
layer:23,6,3983712187,188.421
layer:23,6,24159745728,122.875
layer:23,7,3982590492,158.019
layer:23,7,24160374706,122.434
layer:24,0,4140952440,93.073
layer:24,0,23955859024,118.289
layer:24,1,4142197307,93.269
layer:24,1,23957518896,117.187
layer:24,2,4141082921,94.811
layer:24,2,23957007293,117.576
layer:24,3,4141147375,94.256
layer:24,3,23957531947,117.217
layer:24,4,4141823135,92.839
layer:24,4,23956983821,117.553
layer:24,5,4141485986,93.362
layer:24,5,23957594015,117.115
layer:24,6,4172295240,62.736
layer:24,6,23956849279,117.58
layer:24,7,4140747987,95.092
layer:24,7,23957075043,117.632
layer:25,0,4234164689,77.279
layer:25,0,23758301117,115.85
layer:25,1,4235604189,76.024
layer:25,1,23758957092,115.892
layer:25,2,4236038289,76.031
layer:25,2,23758829058,116.002
layer:25,3,4235540802,77.304
layer:25,3,23759067164,115.866
layer:25,4,4234811668,77.125
layer:25,4,23758735075,115.708
layer:25,5,4234998291,77.976
layer:25,5,23759127075,116.112
layer:25,6,4235178005,76.388
layer:25,6,23758711503,115.729
layer:25,7,4235989111,76.187
layer:25,7,23758904635,115.878
layer:26,0,4311581800,76.479
layer:26,0,23553952776,115.838
layer:26,1,4311770144,76.461
layer:26,1,23554967120,115.367
layer:26,2,4312221555,76.567
layer:26,2,23554865826,115.731
layer:26,3,4312983739,75.685
layer:26,3,23554861978,115.745
layer:26,4,4312085123,75.682
layer:26,4,23554581594,115.558
layer:26,5,4313118197,75.518
layer:26,5,23555085120,115.569
layer:26,6,4311718364,76.94
layer:26,6,23554522448,115.588
layer:26,7,4312323521,75.631
layer:26,7,23554784440,115.603
layer:27,0,4388201596,147.172
layer:27,0,23342847416,116.303
layer:27,1,4388364717,146.77
layer:27,1,23344900682,114.62
layer:27,2,4388926432,145.941
layer:27,2,23343474066,115.996
layer:27,3,4388804205,146.463
layer:27,3,23340814437,118.875
layer:27,4,4387916527,146.345
layer:27,4,23334121336,125.198
layer:27,5,4388785295,146.263
layer:27,5,23339226692,121.157
layer:27,6,4388804311,145.913
layer:27,6,23333864092,125.341
layer:27,7,4388088971,147.861
layer:27,7,23334046428,125.508
layer:28,0,4535615794,79.946
layer:28,0,23113169440,124.805
layer:28,1,4535279578,80.701
layer:28,1,23114112090,124.271
layer:28,2,4535007472,81.221
layer:28,2,23113798429,124.73
layer:28,3,4535404249,81.182
layer:28,3,23115095187,123.666
layer:28,4,4534418795,82.134
layer:28,4,23113854011,126.49
layer:28,5,4535207038,80.828
layer:28,5,23114222997,124.815
layer:28,6,4534867282,81.418
layer:28,6,23113774211,124.54
layer:28,7,4536095792,80.336
layer:28,7,23114058193,124.419
layer:29,0,4615693489,87.727
layer:29,0,22890062471,119.012
layer:29,1,4616112963,88.687
layer:29,1,22891449026,118.446
layer:29,2,4616370589,87.631
layer:29,2,22890729293,118.991
layer:29,3,4616720897,94.627
layer:29,3,22891352443,118.866
layer:29,4,4616702022,87.469
layer:29,4,22890830971,118.571
layer:29,5,4616184464,88.545
layer:29,5,22890766479,118.902
layer:29,6,4616444856,88.229
layer:29,6,22890677298,118.687
layer:29,7,4616567851,87.517
layer:29,7,22890881858,118.796
layer:30,0,4703558041,87.211
layer:30,0,22647607718,121.411
layer:30,1,4704937480,95.035
layer:30,1,22648536781,121.02
layer:30,2,4704146716,86.844
layer:30,2,22649223048,120.393
layer:30,3,4711493385,80.996
layer:30,3,22648840627,121.322
layer:30,4,4704337590,87.189
layer:30,4,22648870988,120.56
layer:30,5,4704876353,87.372
layer:30,5,22648257636,121.43
layer:30,6,4704830909,87.387
layer:30,6,22648398825,120.907
layer:30,7,4704233567,88.129
layer:30,7,22648359814,121.396
layer:31,0,4790900668,161.811
layer:31,0,22422869283,122.61
layer:31,1,4800105826,160.034
layer:31,1,22423954109,121.923
layer:31,2,4791128918,175.287
layer:31,2,22423644507,122.348
layer:31,3,4792627577,158.799
layer:31,3,22424184121,123.249
layer:31,4,4791695728,159.53
layer:31,4,22423620319,122.421
layer:31,5,4792410694,158.397
layer:31,5,22423683878,122.374
layer:31,6,4792381612,158.725
layer:31,6,22423758681,121.937
layer:31,7,4792506504,159.411
layer:31,7,22423702894,122.295
layer:32,0,4952890990,81.907
layer:32,0,22204019937,113.884
layer:32,1,4960284207,75.433
layer:32,1,22204909420,113.526
layer:32,2,4966559426,68.746
layer:32,2,22204757803,113.728
layer:32,3,4951565456,84.619
layer:32,3,22205022832,114.047
layer:32,4,4951387135,83.721
layer:32,4,22204726459,113.712
layer:32,5,4950965730,85.532
layer:32,5,22204801633,113.93
layer:32,6,4951277641,84.494
layer:32,6,22204552563,113.877
layer:32,7,4952066181,83.368
layer:32,7,22204778617,113.785
layer:33,0,5034931526,90.404
layer:33,0,21987143080,118.452
layer:33,1,5035856076,88.42
layer:33,1,21987996013,119.239
layer:33,2,5035449844,89.725
layer:33,2,21988020017,118.025
layer:33,3,5036336992,88.31
layer:33,3,21988234563,118.047
layer:33,4,5035278595,90.415
layer:33,4,21987986118,117.99
layer:33,5,5036656225,88.804
layer:33,5,21988019157,118.555
layer:33,6,5035925292,89.612
layer:33,6,21987979478,117.866
layer:33,7,5035572583,89.376
layer:33,7,21987975825,119.285
layer:34,0,5125473085,84.511
layer:34,0,21753249870,115.983
layer:34,1,5124416763,84.998
layer:34,1,21754033158,115.582
layer:34,2,5125353399,83.846
layer:34,2,21753495197,116.175
layer:34,3,5124787356,85.458
layer:34,3,21753982374,116.003
layer:34,4,5125856546,83.237
layer:34,4,21753140835,116.583
layer:34,5,5125622353,83.954
layer:34,5,21753756756,116.259
layer:34,6,5125692209,83.892
layer:34,6,21753559965,116.252
layer:34,7,5125091352,93.132
layer:34,7,21752964774,116.671
layer:35,0,5210139612,157.515
layer:35,0,21544325468,121.226
layer:35,1,5209553397,159.41
layer:35,1,21545300688,122.433
layer:35,2,5209340478,163.407
layer:35,2,21544905097,121.031
layer:35,3,5210386427,159.037
layer:35,3,21545320084,121.008
layer:35,4,5209264507,159.447
layer:35,4,21544951657,120.974
layer:35,5,5209732327,159.617
layer:35,5,21545057146,121.102
layer:35,6,5209746005,158.717
layer:35,6,21544951490,121.558
layer:35,7,5218374557,149.699
layer:35,7,21545335401,120.587
layer:36,0,5367795545,78.225
layer:36,0,21341033084,116.063
layer:36,1,5369102210,77.11
layer:36,1,21342690111,115.6
layer:36,2,5372891661,72.724
layer:36,2,21341729511,115.99
layer:36,3,5369566383,76.988
layer:36,3,21342055512,115.996
layer:36,4,5368877218,77.147
layer:36,4,21342091060,115.608
layer:36,5,5369511944,83.696
layer:36,5,21342057711,115.893
layer:36,6,5368629185,77.673
layer:36,6,21341904129,115.626
layer:36,7,5368224299,77.894
layer:36,7,21341981226,115.793
layer:37,0,5446167143,77.693
layer:37,0,21099168797,118.712
layer:37,1,5446347086,77.71
layer:37,1,21100228199,118.463
layer:37,2,5445765076,77.902
layer:37,2,21099732608,118.428
layer:37,3,5446693592,78.056
layer:37,3,21100287610,118.106
layer:37,4,5446183614,77.512
layer:37,4,21099799345,118.582
layer:37,5,5453374584,71.107
layer:37,5,21099846346,118.639
layer:37,6,5446463157,78.202
layer:37,6,21099657190,118.433
layer:37,7,5446262577,78.233
layer:37,7,21099791925,118.545
layer:38,0,5523990772,93.296
layer:38,0,20886598711,119.677
layer:38,1,5524195367,92.846
layer:38,1,20887524991,119.134
layer:38,2,5523803573,93.525
layer:38,2,20887392230,119.343
layer:38,3,5524912248,93.117
layer:38,3,20887722525,119.292
layer:38,4,5523856442,93.459
layer:38,4,20887184628,119.362
layer:38,5,5524637282,92.671
layer:38,5,20887306289,119.488
layer:38,6,5524826045,92.288
layer:38,6,20887398751,119.085
layer:38,7,5524631487,93.293
layer:38,7,20887369625,119.373
layer:39,0,5617422620,151.053
layer:39,0,20672714219,123.785
layer:39,1,5617172412,159.705
layer:39,1,20673523111,123.446
layer:39,2,5617473755,159.986
layer:39,2,20673305004,123.737
layer:39,3,5618168112,158.538
layer:39,3,20673689311,123.422
layer:39,4,5617469812,151.276
layer:39,4,20673241915,123.395
layer:39,5,5617457402,150.563
layer:39,5,20673324380,123.687
layer:39,6,5617284392,150.993
layer:39,6,20673148821,123.465
layer:39,7,5618060199,149.612
layer:39,7,20673440544,123.478
layer:40,0,5768629879,81.387
layer:40,0,20440973928,116.506
layer:40,1,5777021611,72.534
layer:40,1,20442049771,115.953
layer:40,2,5777611134,72.67
layer:40,2,20441776237,116.046
layer:40,3,5776852533,73.436
layer:40,3,20442068259,116.013
layer:40,4,5768900434,80.698
layer:40,4,20441764343,115.943
layer:40,5,5768174821,82.553
layer:40,5,20441980521,116.036
layer:40,6,5768432007,81.695
layer:40,6,20441635740,116.006
layer:40,7,5767808353,81.698
layer:40,7,20441767126,116.068
layer:41,0,5850158901,88.478
layer:41,0,20227699338,118.318
layer:41,1,5849696354,90.229
layer:41,1,20228951441,117.63
layer:41,2,5850426368,88.275
layer:41,2,20228289957,118.235
layer:41,3,5850438024,89.599
layer:41,3,20228590347,118.142
layer:41,4,5849749669,89.62
layer:41,4,20228413086,117.851
layer:41,5,5850876702,89.098
layer:41,5,20228425423,118.346
layer:41,6,5850294685,88.881
layer:41,6,20228366489,118.088
layer:41,7,5849641525,91.001
layer:41,7,20228333701,118.119
layer:42,0,5938768180,81.146
layer:42,0,20007120040,121.177
layer:42,1,5940053864,80.944
layer:42,1,20008105326,121.279
layer:42,2,5938841287,82.051
layer:42,2,20007923781,120.831
layer:42,3,5940179681,80.793
layer:42,3,20008176584,120.733
layer:42,4,5939521869,100.279
layer:42,4,20007869067,120.68
layer:42,5,5940177777,80.219
layer:42,5,20007954046,120.925
layer:42,6,5939334433,81.117
layer:42,6,20007986854,120.274
layer:42,7,5940777566,79.639
layer:42,7,20007987469,120.622
layer:43,0,6020044014,152.234
layer:43,0,19759442398,143.062
layer:43,1,6021128026,150.767
layer:43,1,19760348338,142.697
layer:43,2,6021032475,151.835
layer:43,2,19760178781,143.687
layer:43,3,6021109570,151.255
layer:43,3,19760661424,136.902
layer:43,4,6039951445,132.957
layer:43,4,19760177315,137.0
layer:43,5,6020547007,152.174
layer:43,5,19760214888,140.391
layer:43,6,6020607070,152.274
layer:43,6,19760623215,139.085
layer:43,7,6020551659,152.295
layer:43,7,19761043439,136.503
layer:44,0,6172427610,86.572
layer:44,0,19535682531,118.321
layer:44,1,6172029211,88.65
layer:44,1,19536627122,117.938
layer:44,2,6173021096,86.842
layer:44,2,19536250466,118.253
layer:44,3,6172512137,88.084
layer:44,3,19536726497,117.89
layer:44,4,6173063703,87.417
layer:44,4,19536244582,118.132
layer:44,5,6172877200,86.589
layer:44,5,19536608326,117.987
layer:44,6,6173032628,87.18
layer:44,6,19536278263,118.015
layer:44,7,6172984680,87.911
layer:44,7,19536243553,118.337
layer:45,0,6259134234,85.401
layer:45,0,19308601970,139.468
layer:45,1,6260818138,84.564
layer:45,1,19309352780,138.795
layer:45,2,6260004531,85.735
layer:45,2,19309098924,138.998
layer:45,3,6260744173,85.057
layer:45,3,19309912264,138.444
layer:45,4,6260635153,85.875
layer:45,4,19309177436,138.918
layer:45,5,6259623423,86.638
layer:45,5,19309348267,139.049
layer:45,6,6260375443,85.466
layer:45,6,19309247512,138.711
layer:45,7,6261051170,85.178
layer:45,7,19309271656,138.933
layer:46,0,6344669128,77.859
layer:46,0,19085653349,118.061
layer:46,1,6345516567,77.014
layer:46,1,19086590901,117.771
layer:46,2,6345881278,76.791
layer:46,2,19086365079,117.658
layer:46,3,6345940590,77.414
layer:46,3,19086566849,117.862
layer:46,4,6346670185,76.841
layer:46,4,19086513772,117.639
layer:46,5,6346415581,76.926
layer:46,5,19086672307,117.698
layer:46,6,6345997599,77.927
layer:46,6,19086422470,117.624
layer:46,7,6346366732,76.038
layer:46,7,19086752572,117.317
layer:47,0,6422660039,154.36
layer:47,0,18861895119,121.176
layer:47,1,6422665363,155.348
layer:47,1,18862679981,120.854
layer:47,2,6422820017,155.767
layer:47,2,18862502883,121.175
layer:47,3,6423497524,155.419
layer:47,3,18862755508,120.959
layer:47,4,6423661189,153.815
layer:47,4,18862661363,121.178
layer:47,5,6423491069,154.562
layer:47,5,18862810504,121.207
layer:47,6,6424070272,153.514
layer:47,6,18862971800,121.44
layer:47,7,6422543032,155.896
layer:47,7,18862687378,120.86
layer:48,0,6577152887,84.031
layer:48,0,18631230513,118.471
layer:48,1,6578149282,82.369
layer:48,1,18632170587,118.171
layer:48,2,6578731094,83.417
layer:48,2,18631948650,118.032
layer:48,3,6579061794,82.768
layer:48,3,18632459449,117.88
layer:48,4,6577641008,83.703
layer:48,4,18632122724,117.879
layer:48,5,6578213659,91.228
layer:48,5,18632601551,117.948
layer:48,6,6577739392,83.983
layer:48,6,18632115161,117.99
layer:48,7,6578594927,82.205
layer:48,7,18632017464,117.966
layer:49,0,6661322877,88.905
layer:49,0,18415695162,117.318
layer:49,1,6660652469,89.436
layer:49,1,18416717824,116.856
layer:49,2,6662299581,87.357
layer:49,2,18416252528,117.03
layer:49,3,6661966758,88.686
layer:49,3,18416491965,117.096
layer:49,4,6661492628,88.889
layer:49,4,18416510186,117.004
layer:49,5,6669594143,81.302
layer:49,5,18416652611,117.034
layer:49,6,6661866367,88.805
layer:49,6,18416475981,116.853
layer:49,7,6660944330,89.761
layer:49,7,18416559797,116.845
layer:50,0,6750359488,83.418
layer:50,0,18151475691,118.002
layer:50,1,6750239475,84.154
layer:50,1,18152294491,117.811
layer:50,2,6749806225,84.226
layer:50,2,18152421147,117.536
layer:50,3,6750788882,83.517
layer:50,3,18152295798,117.7
layer:50,4,6750532488,82.654
layer:50,4,18152164439,117.667
layer:50,5,6751038978,82.797
layer:50,5,18152286446,118.106
layer:50,6,6750820858,82.617
layer:50,6,18152149667,117.9
layer:50,7,6750844486,83.281
layer:50,7,18152070496,117.864
layer:51,0,6833917080,171.775
layer:51,0,17936453057,123.201
layer:51,1,6834524435,171.95
layer:51,1,17937235294,122.945
layer:51,2,6834176099,174.191
layer:51,2,17937001004,123.174
layer:51,3,6834450759,174.25
layer:51,3,17937303928,123.054
layer:51,4,6833351300,187.574
layer:51,4,17937280518,123.184
layer:51,5,6833977880,172.989
layer:51,5,17937411380,123.077
layer:51,6,6833590623,175.667
layer:51,6,17937247344,123.131
layer:51,7,6834275805,172.823
layer:51,7,17937139436,123.263
layer:52,0,7005826766,79.106
layer:52,0,17704834952,114.958
layer:52,1,7006611591,78.674
layer:52,1,17705393818,115.055
layer:52,2,7008515327,76.877
layer:52,2,17705227057,115.117
layer:52,3,7008839130,77.567
layer:52,3,17705506315,114.968
layer:52,4,7021081531,65.453
layer:52,4,17705486858,115.177
layer:52,5,7007117431,78.562
layer:52,5,17705629376,114.79
layer:52,6,7009404358,76.967
layer:52,6,17705553886,114.869
layer:52,7,7007342582,77.691
layer:52,7,17705360375,115.04
layer:53,0,7085073446,88.906
layer:53,0,17488738829,116.701
layer:53,1,7085418375,88.719
layer:53,1,17489608386,116.032
layer:53,2,7085545612,89.96
layer:53,2,17489685796,115.979
layer:53,3,7086547088,88.172
layer:53,3,17489923533,115.701
layer:53,4,7086688183,88.359
layer:53,4,17489945902,115.776
layer:53,5,7085838228,88.6
layer:53,5,17490010462,115.875
layer:53,6,7086526614,88.385
layer:53,6,17490645768,115.175
layer:53,7,7085175545,89.903
layer:53,7,17489770591,115.941
layer:54,0,7174116060,83.382
layer:54,0,17236110836,119.401
layer:54,1,7174282056,83.326
layer:54,1,17236364228,118.973
layer:54,2,7175649520,82.386
layer:54,2,17236168789,119.249
layer:54,3,7174863167,83.537
layer:54,3,17236479101,118.892
layer:54,4,7175210821,82.405
layer:54,4,17236646198,119.176
layer:54,5,7174590571,83.018
layer:54,5,17236585023,119.4
layer:54,6,7175052438,82.862
layer:54,6,17236625929,118.956
layer:54,7,7175225738,82.48
layer:54,7,17236273158,119.085
layer:55,0,7257632355,165.887
layer:55,0,17012949419,119.173
layer:55,1,7257739868,166.085
layer:55,1,17013930521,118.765
layer:55,2,7258175388,165.265
layer:55,2,17013971339,118.787
layer:55,3,7258535013,165.059
layer:55,3,17014229621,118.556
layer:55,4,7257764264,166.301
layer:55,4,17013903904,118.78
layer:55,5,7257754921,166.674
layer:55,5,17014083290,118.994
layer:55,6,7258056894,166.52
layer:55,6,17013827947,118.94
layer:55,7,7257843776,166.28
layer:55,7,17014083663,118.64
layer:56,0,7423655154,84.492
layer:56,0,16807730432,113.303
layer:56,1,7423963369,84.456
layer:56,1,16802215297,118.427
layer:56,2,7423581527,85.346
layer:56,2,16804782064,116.044
layer:56,3,7423725570,85.352
layer:56,3,16809422687,111.392
layer:56,4,7424233979,84.453
layer:56,4,16804868740,115.848
layer:56,5,7424590814,83.897
layer:56,5,16808768402,112.12
layer:56,6,7424730223,83.692
layer:56,6,16803219164,117.45
layer:56,7,7424280332,84.536
layer:56,7,16806358963,114.395
layer:57,0,7508292658,78.911
layer:57,0,16585225455,119.579
layer:57,1,7508550421,79.181
layer:57,1,16586022977,119.336
layer:57,2,7509068934,79.303
layer:57,2,16586025630,119.242
layer:57,3,7509225487,79.595
layer:57,3,16586081922,119.396
layer:57,4,7508844936,79.158
layer:57,4,16586078807,119.141
layer:57,5,7508646244,79.933
layer:57,5,16586177326,119.217
layer:57,6,7508572829,80.829
layer:57,6,16586043658,119.214
layer:57,7,7508963794,79.712
layer:57,7,16586301784,119.044
layer:58,0,7587334923,82.589
layer:58,0,16369718825,119.063
layer:58,1,7587862606,83.42
layer:58,1,16370733923,118.76
layer:58,2,7588510634,82.383
layer:58,2,16370237835,119.178
layer:58,3,7588960239,82.238
layer:58,3,16370540720,118.801
layer:58,4,7588160238,83.369
layer:58,4,16370482606,118.896
layer:58,5,7588732154,82.252
layer:58,5,16370542759,118.993
layer:58,6,7589550230,80.947
layer:58,6,16370459828,118.927
layer:58,7,7588811862,81.931
layer:58,7,16370752858,118.683
layer:59,0,7670052846,152.358
layer:59,0,16141018068,120.199
layer:59,1,7671433508,151.611
layer:59,1,16141701209,119.922
layer:59,2,7671031714,153.107
layer:59,2,16141490472,120.113
layer:59,3,7671348899,152.359
layer:59,3,16141622265,120.045
layer:59,4,7671677933,151.266
layer:59,4,16141586005,119.909
layer:59,5,7671133698,152.099
layer:59,5,16141733691,119.872
layer:59,6,7670649577,152.915
layer:59,6,16141545414,119.923
layer:59,7,7670876669,152.491
layer:59,7,16141543884,119.985
layer:60,0,7822541177,86.872
layer:60,0,15917807545,115.587
layer:60,1,7823180308,98.738
layer:60,1,15919019571,114.751
layer:60,2,7824284602,87.437
layer:60,2,15920425319,115.877
layer:60,3,7823840007,86.963
layer:60,3,15918721817,115.201
layer:60,4,7823097945,87.699
layer:60,4,15918426208,115.375
layer:60,5,7823391701,87.217
layer:60,5,15918665749,115.458
layer:60,6,7823724142,87.156
layer:60,6,15918531019,115.692
layer:60,7,7823505441,87.496
layer:60,7,15918514497,115.528
layer:61,0,7909551217,87.594
layer:61,0,15724599072,116.504
layer:61,1,7922041248,75.848
layer:61,1,15725161296,116.141
layer:61,2,7911863176,85.214
layer:61,2,15725171548,117.601
layer:61,3,7910934315,87.961
layer:61,3,15725131379,116.503
layer:61,4,7910949305,86.67
layer:61,4,15725539323,116.041
layer:61,5,7910765630,87.677
layer:61,5,15725451965,116.457
layer:61,6,7911034403,87.439
layer:61,6,15725122837,116.354
layer:61,7,7911135343,86.804
layer:61,7,15725015436,116.521
layer:62,0,7997282864,77.858
layer:62,0,15500816833,118.497
layer:62,1,7998014736,79.248
layer:62,1,15501599121,118.147
layer:62,2,7997223236,79.314
layer:62,2,15501676235,118.427
layer:62,3,7999034007,78.814
layer:62,3,15501602814,118.413
layer:62,4,7997779582,81.118
layer:62,4,15502464581,117.756
layer:62,5,7998600215,84.636
layer:62,5,15501982423,118.098
layer:62,6,7998623392,77.822
layer:62,6,15501631147,118.236
layer:62,7,7998074674,79.495
layer:62,7,15501525524,118.358
layer:63,0,8075278303,154.545
layer:63,0,15276832442,125.119
layer:63,1,8077398679,153.255
layer:63,1,15277834924,124.823
layer:63,2,8076682837,154.76
layer:63,2,15277988557,125.073
layer:63,3,8077982279,153.024
layer:63,3,15278122126,124.846
layer:63,4,8079059744,151.892
layer:63,4,15277729442,125.133
layer:63,5,8083405696,148.017
layer:63,5,15278068309,125.141
layer:63,6,8076610197,154.757
layer:63,6,15277879000,125.042
layer:63,7,8077714999,153.437
layer:63,7,15277647174,125.054
layer:64,0,8229961245,83.36
layer:64,0,15072858148,118.972
layer:64,1,8230796433,105.071
layer:64,1,15073765214,118.737
layer:64,2,8231589855,83.058
layer:64,2,15073489576,119.503
layer:64,3,8231155270,83.423
layer:64,3,15073945821,118.88
layer:64,4,8231149524,82.853
layer:64,4,15073637410,119.074
layer:64,5,8231617738,82.457
layer:64,5,15073735340,119.205
layer:64,6,8231558138,82.953
layer:64,6,15073959622,118.666
layer:64,7,8231308289,82.859
layer:64,7,15073557439,118.914
layer:65,0,8313454954,78.045
layer:65,0,14872815576,115.8
layer:65,1,8336005353,55.754
layer:65,1,14873806776,115.119
layer:65,2,8314792880,76.805
layer:65,2,14873950508,115.37
layer:65,3,8314716814,77.443
layer:65,3,14873782507,115.365
layer:65,4,8314176128,77.603
layer:65,4,14873764530,115.27
layer:65,5,8314248840,78.365
layer:65,5,14874251006,115.235
layer:65,6,8314680888,78.039
layer:65,6,14873802640,115.225
layer:65,7,8314312416,78.409
layer:65,7,14874027602,115.153
layer:66,0,8391638898,75.419
layer:66,0,14637530328,116.302
layer:66,1,8391889870,75.858
layer:66,1,14639421132,114.855
layer:66,2,8391746606,76.168
layer:66,2,14638875386,115.987
layer:66,3,8392316299,81.065
layer:66,3,14638488676,115.812
layer:66,4,8391942518,75.665
layer:66,4,14638326681,115.889
layer:66,5,8392771148,74.152
layer:66,5,14638333324,116.149
layer:66,6,8392876346,74.11
layer:66,6,14638539063,115.67
layer:66,7,8392858620,74.621
layer:66,7,14638271138,115.845
layer:67,0,8467199714,161.179
layer:67,0,14417614785,121.392
layer:67,1,8467878427,161.524
layer:67,1,14418491603,121.062
layer:67,2,8468057687,160.951
layer:67,2,14418527408,121.284
layer:67,3,8473517717,156.262
layer:67,3,14419311004,120.585
layer:67,4,8467764795,160.766
layer:67,4,14418672172,120.947
layer:67,5,8467078009,162.154
layer:67,5,14418624355,121.181
layer:67,6,8467142071,162.273
layer:67,6,14418652559,120.97
layer:67,7,8467626023,161.279
layer:67,7,14418582776,120.955
layer:68,0,8628515663,82.377
layer:68,0,14209542072,115.99
layer:68,1,8629539763,81.91
layer:68,1,14211316074,114.619
layer:68,2,8629152366,83.029
layer:68,2,14210293948,115.746
layer:68,3,8629919183,82.831
layer:68,3,14210453741,115.812
layer:68,4,8628692882,83.312
layer:68,4,14210356780,116.276
layer:68,5,8629390260,82.098
layer:68,5,14210349684,116.16
layer:68,6,8629562106,81.736
layer:68,6,14210407551,116.008
layer:68,7,8629043694,83.254
layer:68,7,14210586455,115.558
layer:69,0,8711024253,79.984
layer:69,0,14000106037,116.765
layer:69,1,8711586427,79.724
layer:69,1,14001053124,115.409
layer:69,2,8712333109,78.848
layer:69,2,14001101924,115.376
layer:69,3,8712899842,79.211
layer:69,3,14003309977,113.238
layer:69,4,8712156028,79.587
layer:69,4,14000999279,115.281
layer:69,5,8711635007,79.294
layer:69,5,14001081121,116.531
layer:69,6,8711452060,80.334
layer:69,6,14001030518,115.264
layer:69,7,8712436330,79.096
layer:69,7,14000972315,115.345
layer:70,0,8791141219,80.507
layer:70,0,13774110495,127.182
layer:70,1,8791446304,79.135
layer:70,1,13775089494,126.369
layer:70,2,8791327420,80.771
layer:70,2,13775105154,126.694
layer:70,3,8792269569,80.053
layer:70,3,13775111675,126.853
layer:70,4,8791898367,79.489
layer:70,4,13775107390,126.72
layer:70,5,8791071060,81.575
layer:70,5,13775085846,126.82
layer:70,6,8791933605,79.682
layer:70,6,13775231674,126.563
layer:70,7,8791671242,80.036
layer:70,7,13775026282,126.699
layer:71,0,8871778422,150.227
layer:71,0,13555758179,121.139
layer:71,1,8870713104,152.241
layer:71,1,13556849325,120.467
layer:71,2,8872248994,152.014
layer:71,2,13556796028,120.704
layer:71,3,8872471984,151.022
layer:71,3,13556842063,120.643
layer:71,4,8871536522,151.97
layer:71,4,13556746815,120.853
layer:71,5,8872786371,150.013
layer:71,5,13556729276,120.906
layer:71,6,8871751469,151.444
layer:71,6,13556833702,120.714
layer:71,7,8871847538,150.779
layer:71,7,13556961290,120.498
layer:72,0,9022138737,82.181
layer:72,0,13338774214,119.171
layer:72,1,9023089122,82.691
layer:72,1,13339735822,118.762
layer:72,2,9024406118,81.971
layer:72,2,13339605076,119.098
layer:72,3,9023636393,82.4
layer:72,3,13339981189,118.676
layer:72,4,9023660687,80.71
layer:72,4,13340185087,118.628
layer:72,5,9022943040,82.889
layer:72,5,13339680228,119.14
layer:72,6,9023338717,81.864
layer:72,6,13339628912,119.09
layer:72,7,9022765294,82.584
layer:72,7,13340782642,119.089
layer:73,0,9104452884,82.586
layer:73,0,13078161422,188.515
layer:73,1,9105917193,81.357
layer:73,1,13079303101,116.136
layer:73,2,9106521605,81.926
layer:73,2,13079056355,116.534
layer:73,3,9106195739,82.038
layer:73,3,13079150026,116.367
layer:73,4,9104523633,82.858
layer:73,4,13079043780,116.548
layer:73,5,9105978655,81.836
layer:73,5,13079331032,116.443
layer:73,6,9105347552,81.88
layer:73,6,13079121103,116.365
layer:73,7,9105497950,82.27
layer:73,7,13080173825,115.645
layer:74,0,9187179604,80.777
layer:74,0,12859402551,121.411
layer:74,1,9187419807,81.544
layer:74,1,12860161281,121.311
layer:74,2,9188595601,80.915
layer:74,2,12859967412,121.501
layer:74,3,9188377855,81.128
layer:74,3,12860139769,121.389
layer:74,4,9187533182,81.243
layer:74,4,12860790836,120.881
layer:74,5,9187965707,81.091
layer:74,5,12860391835,121.421
layer:74,6,9187374485,83.049
layer:74,6,12860339845,121.467
layer:74,7,9187910185,80.683
layer:74,7,12860041457,121.823
layer:75,0,9268088833,153.477
layer:75,0,12638906464,121.972
layer:75,1,9269096335,158.915
layer:75,1,12639963963,121.369
layer:75,2,9269663139,180.249
layer:75,2,12639787804,121.679
layer:75,3,9269643278,153.964
layer:75,3,12639945950,121.794
layer:75,4,9268922767,154.176
layer:75,4,12639972950,124.311
layer:75,5,9269211413,154.856
layer:75,5,12640313358,121.115
layer:75,6,9270567152,152.811
layer:75,6,12639888219,121.518
layer:75,7,9268733156,155.427
layer:75,7,12639936137,121.77
layer:76,0,9421708836,83.017
layer:76,0,12393990913,119.269
layer:76,1,9428682400,76.495
layer:76,1,12395019786,118.898
layer:76,2,9450142305,54.744
layer:76,2,12394936083,119.34
layer:76,3,9423753396,81.392
layer:76,3,12395154271,119.089
layer:76,4,9423255771,83.086
layer:76,4,12395020576,119.365
layer:76,5,9424225058,81.246
layer:76,5,12394958114,119.176
layer:76,6,9423527942,81.994
layer:76,6,12395371473,128.91
layer:76,7,9424315745,81.157
layer:76,7,12395142455,119.039
layer:77,0,9504860108,94.391
layer:77,0,12162882367,128.683
layer:77,1,9505320757,93.297
layer:77,1,12165437337,126.481
layer:77,2,9505033526,94.462
layer:77,2,12163740350,128.33
layer:77,3,9505303440,93.817
layer:77,3,12163679361,128.643
layer:77,4,9506506527,92.428
layer:77,4,12163720678,128.411
layer:77,5,9505633419,94.169
layer:77,5,12164260466,128.005
layer:77,6,9505670559,93.601
layer:77,6,12164031178,128.107
layer:77,7,9505613764,98.711
layer:77,7,12164774921,127.521
layer:78,0,9599383515,89.925
layer:78,0,11543037674,167.214
layer:78,1,9598759296,89.384
layer:78,1,11544868410,521.455
layer:78,2,9599643995,90.992
layer:78,2,11543348575,167.979
layer:78,3,9599273105,88.96
layer:78,3,11542944953,168.106
layer:78,4,9599097019,102.69
layer:78,4,11544630186,166.272
layer:78,5,9599960246,87.628
layer:78,5,11545067910,321.25
layer:78,6,9599420193,88.876
layer:78,6,11543991935,166.698
layer:78,7,9604504358,83.105
layer:78,7,11542871279,168.008
